archetype,learn_hands,repeat,equilibrium_ev,oracle_ev,guarded_ev,unguarded_ev
nit,5,0,1.966991001543794e-06,0.32402388865703613,-0.0008929701793347622,-0.0008929701793347622
nit,5,1,1.966991001543794e-06,0.32402388865703613,0.0015067089795267607,0.0015067089795267607
nit,5,2,1.966991001543794e-06,0.32402388865703613,0.00230355852486671,0.00230355852486671
nit,5,3,1.966991001543794e-06,0.32402388865703613,-0.00030252108283028434,-0.00030252108283028434
nit,5,4,1.966991001543794e-06,0.32402388865703613,-0.00023583885119061315,-0.00023583885119061315
nit,5,5,1.966991001543794e-06,0.32402388865703613,0.002467961145035648,0.003269732910099167
nit,5,6,1.966991001543794e-06,0.32402388865703613,-0.0003724368539732223,-0.0003724368539732223
nit,5,7,1.966991001543794e-06,0.32402388865703613,-0.0003068522777696994,-0.0003068522777696994
nit,5,8,1.966991001543794e-06,0.32402388865703613,-0.0015979642720327855,-0.0015979642720327855
nit,5,9,1.966991001543794e-06,0.32402388865703613,-0.0010011263091612363,-0.0010011263091612363
nit,5,10,1.966991001543794e-06,0.32402388865703613,0.0027564476567594337,0.005057903814482387
nit,5,11,1.966991001543794e-06,0.32402388865703613,2.0015299750555937e-05,2.0015299750555937e-05
nit,5,12,1.966991001543794e-06,0.32402388865703613,0.0028519039907166435,0.0028519039907166435
nit,5,13,1.966991001543794e-06,0.32402388865703613,-0.0005713695184800804,-0.0005713695184800804
nit,5,14,1.966991001543794e-06,0.32402388865703613,-1.7280022227970926e-05,-1.7280022227970926e-05
nit,20,0,1.966991001543794e-06,0.32402388865703613,0.008527132803766511,0.020445597546807297
nit,20,1,1.966991001543794e-06,0.32402388865703613,0.009656389165005157,0.04569983837690623
nit,20,2,1.966991001543794e-06,0.32402388865703613,0.0013886411337954777,0.001545585753531975
nit,20,3,1.966991001543794e-06,0.32402388865703613,0.0015946562160531336,0.001728838846444064
nit,20,4,1.966991001543794e-06,0.32402388865703613,0.0014409250927739023,0.0017679503274068836
nit,20,5,1.966991001543794e-06,0.32402388865703613,-0.0032508531287266454,-0.0032508531287266454
nit,20,6,1.966991001543794e-06,0.32402388865703613,0.00868243467564287,0.014432638791526273
nit,20,7,1.966991001543794e-06,0.32402388865703613,-0.010804762155851716,-0.010804762155851716
nit,20,8,1.966991001543794e-06,0.32402388865703613,0.00010540740176355479,0.00010540740176355479
nit,20,9,1.966991001543794e-06,0.32402388865703613,0.0027419847759884083,0.0027419847759884083
nit,20,10,1.966991001543794e-06,0.32402388865703613,0.008628605641787634,0.027444843775164943
nit,20,11,1.966991001543794e-06,0.32402388865703613,-0.0026051757800574643,-0.0026051757800574643
nit,20,12,1.966991001543794e-06,0.32402388865703613,0.009900720584510539,0.01776670029941993
nit,20,13,1.966991001543794e-06,0.32402388865703613,0.003905823468810972,0.003905823468810972
nit,20,14,1.966991001543794e-06,0.32402388865703613,0.008412743974364603,0.01966746187826965
nit,60,0,1.966991001543794e-06,0.32402388865703613,0.00975477972914171,0.05717385490886882
nit,60,1,1.966991001543794e-06,0.32402388865703613,0.009887464964158751,0.021385796118891923
nit,60,2,1.966991001543794e-06,0.32402388865703613,0.008792063043015517,0.027237528645166927
nit,60,3,1.966991001543794e-06,0.32402388865703613,0.009773288929450404,0.06308805450984777
nit,60,4,1.966991001543794e-06,0.32402388865703613,0.008679957863819449,0.01638132181286337
nit,60,5,1.966991001543794e-06,0.32402388865703613,0.008580031283105971,0.03167406675134535
nit,60,6,1.966991001543794e-06,0.32402388865703613,0.0018318810579689287,0.0028453313728901905
nit,60,7,1.966991001543794e-06,0.32402388865703613,0.00629428053561934,0.012687904246152674
nit,60,8,1.966991001543794e-06,0.32402388865703613,0.009143218573625558,0.06130343838977732
nit,60,9,1.966991001543794e-06,0.32402388865703613,0.007319289313144975,0.018473566591073853
nit,60,10,1.966991001543794e-06,0.32402388865703613,0.008929671208682738,0.03237454865608493
nit,60,11,1.966991001543794e-06,0.32402388865703613,0.009296008500107499,0.057826225711706716
nit,60,12,1.966991001543794e-06,0.32402388865703613,0.009570981454181011,0.06500261405500238
nit,60,13,1.966991001543794e-06,0.32402388865703613,0.009664046208636298,0.04974941657812449
nit,60,14,1.966991001543794e-06,0.32402388865703613,0.009304476309486283,0.05786532188938359
nit,150,0,1.966991001543794e-06,0.32402388865703613,0.009748713751341585,0.06627250255688523
nit,150,1,1.966991001543794e-06,0.32402388865703613,0.009692173445222427,0.05952709252350408
nit,150,2,1.966991001543794e-06,0.32402388865703613,0.009606342140667551,0.0635640361473323
nit,150,3,1.966991001543794e-06,0.32402388865703613,0.008429944638419805,0.0320382006131868
nit,150,4,1.966991001543794e-06,0.32402388865703613,0.009744852680847793,0.06624489434664925
nit,150,5,1.966991001543794e-06,0.32402388865703613,0.009787480681906394,0.06482370243693102
nit,150,6,1.966991001543794e-06,0.32402388865703613,0.009740604184065152,0.06621451695993208
nit,150,7,1.966991001543794e-06,0.32402388865703613,0.009743894906937486,0.06623804602151137
nit,150,8,1.966991001543794e-06,0.32402388865703613,0.009745894876635179,0.05846388277995978
nit,150,9,1.966991001543794e-06,0.32402388865703613,0.009748586063177717,0.06627158952014034
nit,150,10,1.966991001543794e-06,0.32402388865703613,0.009748467375728632,0.06627074084409863
nit,150,11,1.966991001543794e-06,0.32402388865703613,0.00969611402060605,0.06589647352154443
nit,150,12,1.966991001543794e-06,0.32402388865703613,0.009748107072972093,0.06626816450027359
nit,150,13,1.966991001543794e-06,0.32402388865703613,0.009730921937537523,0.06614529167069097
nit,150,14,1.966991001543794e-06,0.32402388865703613,0.009741301149611692,0.06621950029028525
nit,400,0,1.966991001543794e-06,0.32402388865703613,0.009741841794663919,0.06622336594404715
nit,400,1,1.966991001543794e-06,0.32402388865703613,0.009748731221331235,0.06627262747647142
nit,400,2,1.966991001543794e-06,0.32402388865703613,0.009748731295868562,0.06627262800945216
nit,400,3,1.966991001543794e-06,0.32402388865703613,0.00974873129595627,0.06627262801008035
nit,400,4,1.966991001543794e-06,0.32402388865703613,0.009718090290641475,0.06605355811297532
nit,400,5,1.966991001543794e-06,0.32402388865703613,0.009748731290468715,0.06627262797084077
nit,400,6,1.966991001543794e-06,0.32402388865703613,0.009748731295988813,0.06627262801031258
nit,400,7,1.966991001543794e-06,0.32402388865703613,0.00974873129588831,0.06627262800959377
nit,400,8,1.966991001543794e-06,0.32402388865703613,0.009748731295953925,0.06627262801006298
nit,400,9,1.966991001543794e-06,0.32402388865703613,0.009748731295749796,0.06627262800860323
nit,400,10,1.966991001543794e-06,0.32402388865703613,0.009748731295908336,0.06627262800973699
nit,400,11,1.966991001543794e-06,0.32402388865703613,0.009748731295626534,0.06627262800772177
nit,400,12,1.966991001543794e-06,0.32402388865703613,0.009740068529474198,0.06621068702974607
nit,400,13,1.966991001543794e-06,0.32402388865703613,0.009748731233882757,0.06627262756622168
nit,400,14,1.966991001543794e-06,0.32402388865703613,0.009748731294783895,0.0662726280016971
nit,1000,0,1.966991001543794e-06,0.32402388865703613,0.009748731295992262,0.06627262801033726
nit,1000,1,1.966991001543794e-06,0.32402388865703613,0.009748731295992262,0.06627262801033726
nit,1000,2,1.966991001543794e-06,0.32402388865703613,0.009748731295992262,0.06627262801033726
nit,1000,3,1.966991001543794e-06,0.32402388865703613,0.009748731295992262,0.06627262801033726
nit,1000,4,1.966991001543794e-06,0.32402388865703613,0.009748731295992262,0.06627262801033726
nit,1000,5,1.966991001543794e-06,0.32402388865703613,0.009748731295992262,0.06627262801033726
nit,1000,6,1.966991001543794e-06,0.32402388865703613,0.009748731295992262,0.06627262801033726
nit,1000,7,1.966991001543794e-06,0.32402388865703613,0.009748731295992262,0.06627262801033726
nit,1000,8,1.966991001543794e-06,0.32402388865703613,0.009748731295992262,0.06627262801033726
nit,1000,9,1.966991001543794e-06,0.32402388865703613,0.009748731295992262,0.06627262801033726
nit,1000,10,1.966991001543794e-06,0.32402388865703613,0.009748731295992262,0.06627262801033726
nit,1000,11,1.966991001543794e-06,0.32402388865703613,0.009748731295992262,0.06627262801033726
nit,1000,12,1.966991001543794e-06,0.32402388865703613,0.009748731295992262,0.06627262801033726
nit,1000,13,1.966991001543794e-06,0.32402388865703613,0.009748731295992262,0.06627262801033726
nit,1000,14,1.966991001543794e-06,0.32402388865703613,0.009748731295992262,0.06627262801033726
calling_station,5,0,0.0008411457306438386,0.33786519063119325,0.0032120636232556357,0.0032120636232556357
calling_station,5,1,0.0008411457306438386,0.33786519063119325,0.005254403495447632,0.005254403495447632
calling_station,5,2,0.0008411457306438386,0.33786519063119325,0.009317632062824314,0.009317632062824314
calling_station,5,3,0.0008411457306438386,0.33786519063119325,0.0026645171798965403,0.0026645171798965403
calling_station,5,4,0.0008411457306438386,0.33786519063119325,0.013344034575102588,0.027772970648280906
calling_station,5,5,0.0008411457306438386,0.33786519063119325,0.014262883784358818,0.014262883784358818
calling_station,5,6,0.0008411457306438386,0.33786519063119325,0.004518368337653553,0.004518368337653553
calling_station,5,7,0.0008411457306438386,0.33786519063119325,0.01482589008327894,0.01482589008327894
calling_station,5,8,0.0008411457306438386,0.33786519063119325,0.012430162497223708,0.012430162497223708
calling_station,5,9,0.0008411457306438386,0.33786519063119325,0.0024156872896608714,0.0024156872896608714
calling_station,5,10,0.0008411457306438386,0.33786519063119325,0.019145667333390126,0.023129864629495088
calling_station,5,11,0.0008411457306438386,0.33786519063119325,0.0030253721275071976,0.0030253721275071976
calling_station,5,12,0.0008411457306438386,0.33786519063119325,0.004356637108938265,0.004356637108938265
calling_station,5,13,0.0008411457306438386,0.33786519063119325,0.019351726581433172,0.028113912849303736
calling_station,5,14,0.0008411457306438386,0.33786519063119325,0.02184255770441014,0.027202482276205166
calling_station,20,0,0.0008411457306438386,0.33786519063119325,-0.0037171285397608264,-0.0037171285397608264
calling_station,20,1,0.0008411457306438386,0.33786519063119325,-0.003853155546183616,-0.00915168064463856
calling_station,20,2,0.0008411457306438386,0.33786519063119325,0.012396913390475793,0.05303320297664241
calling_station,20,3,0.0008411457306438386,0.33786519063119325,0.020628737042985873,0.020628737042985873
calling_station,20,4,0.0008411457306438386,0.33786519063119325,0.011671943908280899,0.05248298807391535
calling_station,20,5,0.0008411457306438386,0.33786519063119325,0.02563910032563241,0.030652651431359135
calling_station,20,6,0.0008411457306438386,0.33786519063119325,0.02300732101065233,0.02300732101065233
calling_station,20,7,0.0008411457306438386,0.33786519063119325,-0.011521986032428107,-0.011521986032428107
calling_station,20,8,0.0008411457306438386,0.33786519063119325,-0.020374913809720854,-0.032098089893650664
calling_station,20,9,0.0008411457306438386,0.33786519063119325,0.01817598587064389,0.01817598587064389
calling_station,20,10,0.0008411457306438386,0.33786519063119325,-0.019316414734952575,-0.0338579043486832
calling_station,20,11,0.0008411457306438386,0.33786519063119325,0.013375277651494995,0.04439615908644202
calling_station,20,12,0.0008411457306438386,0.33786519063119325,0.023287182873796105,0.023287182873796105
calling_station,20,13,0.0008411457306438386,0.33786519063119325,0.00644708411561095,0.00644708411561095
calling_station,20,14,0.0008411457306438386,0.33786519063119325,0.010395264400969106,0.010395264400969106
calling_station,60,0,0.0008411457306438386,0.33786519063119325,0.023286608897041244,0.035217510025833856
calling_station,60,1,0.0008411457306438386,0.33786519063119325,0.00438081433887496,0.038975393015630494
calling_station,60,2,0.0008411457306438386,0.33786519063119325,0.004365010484986977,0.038754099767940836
calling_station,60,3,0.0008411457306438386,0.33786519063119325,0.004276476648239949,0.030665685192265184
calling_station,60,4,0.0008411457306438386,0.33786519063119325,0.01143711427317378,0.046944019946169424
calling_station,60,5,0.0008411457306438386,0.33786519063119325,0.011470887601073988,0.05554393688361238
calling_station,60,6,0.0008411457306438386,0.33786519063119325,0.00440271452054989,0.03749919553393527
calling_station,60,7,0.0008411457306438386,0.33786519063119325,0.011665425046826924,0.056701956757784014
calling_station,60,8,0.0008411457306438386,0.33786519063119325,0.001610514117627325,0.009132929141278133
calling_station,60,9,0.0008411457306438386,0.33786519063119325,0.004386826253251576,0.03905964791479188
calling_station,60,10,0.0008411457306438386,0.33786519063119325,0.004397484868159052,0.03425802967291862
calling_station,60,11,0.0008411457306438386,0.33786519063119325,0.00439767723135643,0.03860282703776316
calling_station,60,12,0.0008411457306438386,0.33786519063119325,0.004396832280605591,0.03194305363235233
calling_station,60,13,0.0008411457306438386,0.33786519063119325,0.004362555621978487,0.03933657821513278
calling_station,60,14,0.0008411457306438386,0.33786519063119325,-0.0037154195642578533,-0.0037154195642578533
calling_station,150,0,0.0008411457306438386,0.33786519063119325,0.004369242189609192,0.039431806297307984
calling_station,150,1,0.0008411457306438386,0.33786519063119325,0.004369182372688164,0.03943095417597012
calling_station,150,2,0.0008411457306438386,0.33786519063119325,0.004388127823430607,0.0390778942683015
calling_station,150,3,0.0008411457306438386,0.33786519063119325,0.004368695590195197,0.03942401987305937
calling_station,150,4,0.0008411457306438386,0.33786519063119325,0.004369243407613348,0.03943182364841599
calling_station,150,5,0.0008411457306438386,0.33786519063119325,0.004369240755585868,0.03943178586889552
calling_station,150,6,0.0008411457306438386,0.33786519063119325,0.004369237362738872,0.03943173753602327
calling_station,150,7,0.0008411457306438386,0.33786519063119325,0.004369241327268306,0.03943179401281089
calling_station,150,8,0.0008411457306438386,0.33786519063119325,0.004368607317657237,0.03942276244413232
calling_station,150,9,0.0008411457306438386,0.33786519063119325,0.0043689799305912935,0.03942807031949708
calling_station,150,10,0.0008411457306438386,0.33786519063119325,0.004369233928014991,0.039431688606608215
calling_station,150,11,0.0008411457306438386,0.33786519063119325,0.004369236524732707,0.03943172559819039
calling_station,150,12,0.0008411457306438386,0.33786519063119325,0.004369243576986641,0.03943182606122773
calling_station,150,13,0.0008411457306438386,0.33786519063119325,0.004369017355238959,0.03942860344279174
calling_station,150,14,0.0008411457306438386,0.33786519063119325,0.004369239560623815,0.039431768846036094
calling_station,400,0,0.0008411457306438386,0.33786519063119325,0.004369243582563347,0.03943182614067042
calling_station,400,1,0.0008411457306438386,0.33786519063119325,0.004369243582563347,0.03943182614067042
calling_station,400,2,0.0008411457306438386,0.33786519063119325,0.004369243582563319,0.03943182614067038
calling_station,400,3,0.0008411457306438386,0.33786519063119325,0.004369243582563347,0.03943182614067042
calling_station,400,4,0.0008411457306438386,0.33786519063119325,0.004369243582563319,0.03943182614067044
calling_station,400,5,0.0008411457306438386,0.33786519063119325,0.004369243582563347,0.03943182614067042
calling_station,400,6,0.0008411457306438386,0.33786519063119325,0.004369243582563347,0.03943182614067042
calling_station,400,7,0.0008411457306438386,0.33786519063119325,0.004369243582563298,0.03943182614066934
calling_station,400,8,0.0008411457306438386,0.33786519063119325,0.004369243567307814,0.03943182592334829
calling_station,400,9,0.0008411457306438386,0.33786519063119325,0.004369243582563055,0.03943182614066667
calling_station,400,10,0.0008411457306438386,0.33786519063119325,0.004369243582563263,0.039431826140669604
calling_station,400,11,0.0008411457306438386,0.33786519063119325,0.004369243582129326,0.03943182613448769
calling_station,400,12,0.0008411457306438386,0.33786519063119325,0.004369243582563319,0.03943182614067038
calling_station,400,13,0.0008411457306438386,0.33786519063119325,0.0043692435825633605,0.03943182614067023
calling_station,400,14,0.0008411457306438386,0.33786519063119325,0.004369128336418317,0.039430184406355526
calling_station,1000,0,0.0008411457306438386,0.33786519063119325,0.004369243582563347,0.03943182614067042
calling_station,1000,1,0.0008411457306438386,0.33786519063119325,0.004369243582563347,0.03943182614067042
calling_station,1000,2,0.0008411457306438386,0.33786519063119325,0.004369243582563347,0.03943182614067042
calling_station,1000,3,0.0008411457306438386,0.33786519063119325,0.004369243582563347,0.03943182614067042
calling_station,1000,4,0.0008411457306438386,0.33786519063119325,0.004369243582563347,0.03943182614067042
calling_station,1000,5,0.0008411457306438386,0.33786519063119325,0.004369243582563347,0.03943182614067042
calling_station,1000,6,0.0008411457306438386,0.33786519063119325,0.004369243582563347,0.03943182614067042
calling_station,1000,7,0.0008411457306438386,0.33786519063119325,0.004369243582563347,0.03943182614067042
calling_station,1000,8,0.0008411457306438386,0.33786519063119325,0.004369243582563347,0.03943182614067042
calling_station,1000,9,0.0008411457306438386,0.33786519063119325,0.004369243582563347,0.03943182614067042
calling_station,1000,10,0.0008411457306438386,0.33786519063119325,0.004369243582563347,0.03943182614067042
calling_station,1000,11,0.0008411457306438386,0.33786519063119325,0.004369243582563347,0.03943182614067042
calling_station,1000,12,0.0008411457306438386,0.33786519063119325,0.004369243582563347,0.03943182614067042
calling_station,1000,13,0.0008411457306438386,0.33786519063119325,0.004369243582563347,0.03943182614067042
calling_station,1000,14,0.0008411457306438386,0.33786519063119325,0.004369243582563347,0.03943182614067042
maniac,5,0,0.002761328766153863,1.075108465503214,0.034879341174695246,0.07053724341925488
maniac,5,1,0.002761328766153863,1.075108465503214,0.03518503172449664,0.049762442396543635
maniac,5,2,0.002761328766153863,1.075108465503214,0.006732573934980002,0.006732573934980002
maniac,5,3,0.002761328766153863,1.075108465503214,0.03435956656833834,0.055363679876555556
maniac,5,4,0.002761328766153863,1.075108465503214,0.005949147853609768,0.005949147853609768
maniac,5,5,0.002761328766153863,1.075108465503214,0.034007115214253036,0.06292433558697277
maniac,5,6,0.002761328766153863,1.075108465503214,0.004059278004950741,0.004059278004950741
maniac,5,7,0.002761328766153863,1.075108465503214,0.03472919046775648,0.06737994435213426
maniac,5,8,0.002761328766153863,1.075108465503214,0.00545973234917109,0.00545973234917109
maniac,5,9,0.002761328766153863,1.075108465503214,0.03430979402138737,0.12484236135962072
maniac,5,10,0.002761328766153863,1.075108465503214,0.03474025000599276,0.03854306900857887
maniac,5,11,0.002761328766153863,1.075108465503214,0.034711372390248525,0.07383447471900953
maniac,5,12,0.002761328766153863,1.075108465503214,0.03237712898486117,0.03237712898486117
maniac,5,13,0.002761328766153863,1.075108465503214,0.005313888202966965,0.005313888202966965
maniac,5,14,0.002761328766153863,1.075108465503214,0.03293340101228786,0.14029849496682206
maniac,20,0,0.002761328766153863,1.075108465503214,0.03313269640581119,0.17091515975624563
maniac,20,1,0.002761328766153863,1.075108465503214,0.034511057539397684,0.1339908198339798
maniac,20,2,0.002761328766153863,1.075108465503214,0.01741924586079867,0.01741924586079867
maniac,20,3,0.002761328766153863,1.075108465503214,0.033112116813634525,0.15082755861927302
maniac,20,4,0.002761328766153863,1.075108465503214,0.030873387372196186,0.04977166327536953
maniac,20,5,0.002761328766153863,1.075108465503214,0.031542189336229216,0.05762216551834793
maniac,20,6,0.002761328766153863,1.075108465503214,0.03458399901386134,0.051149911006919804
maniac,20,7,0.002761328766153863,1.075108465503214,0.008206848022676579,0.008206848022676579
maniac,20,8,0.002761328766153863,1.075108465503214,0.03453011093901143,0.09743187550336174
maniac,20,9,0.002761328766153863,1.075108465503214,0.030809411957567128,0.056263938505293286
maniac,20,10,0.002761328766153863,1.075108465503214,0.034483491458357676,0.10470871680946069
maniac,20,11,0.002761328766153863,1.075108465503214,0.0314238818547735,0.17949312733985495
maniac,20,12,0.002761328766153863,1.075108465503214,0.035247581512532974,0.0616838954584784
maniac,20,13,0.002761328766153863,1.075108465503214,0.03278214843238712,0.13703067225423118
maniac,20,14,0.002761328766153863,1.075108465503214,0.030988077473121406,0.0549834612569648
maniac,60,0,0.002761328766153863,1.075108465503214,0.03068338486719293,0.18286328851526215
maniac,60,1,0.002761328766153863,1.075108465503214,0.030727550242789496,0.18320768321924985
maniac,60,2,0.002761328766153863,1.075108465503214,0.03151742508710772,0.18242043028680177
maniac,60,3,0.002761328766153863,1.075108465503214,0.030697087162260994,0.18297011360969584
maniac,60,4,0.002761328766153863,1.075108465503214,0.030779600950859357,0.1836138457297887
maniac,60,5,0.002761328766153863,1.075108465503214,0.03071153633554175,0.18308278414408163
maniac,60,6,0.002761328766153863,1.075108465503214,0.031400195585862614,0.18154824430588362
maniac,60,7,0.002761328766153863,1.075108465503214,0.022803368995670627,0.04161091554008306
maniac,60,8,0.002761328766153863,1.075108465503214,0.030782623325874798,0.1836374392353792
maniac,60,9,0.002761328766153863,1.075108465503214,0.03133447318135489,0.18105984315327747
maniac,60,10,0.002761328766153863,1.075108465503214,0.0237004746491769,0.04511223756392882
maniac,60,11,0.002761328766153863,1.075108465503214,0.030589934634075278,0.1821352945718864
maniac,60,12,0.002761328766153863,1.075108465503214,0.03316480052156347,0.15112347854037156
maniac,60,13,0.002761328766153863,1.075108465503214,0.030781391959715066,0.1836278267233331
maniac,60,14,0.002761328766153863,1.075108465503214,0.030633835140754816,0.18015751229357974
maniac,150,0,0.002761328766153863,1.075108465503214,0.03078647975688205,0.18366754509558345
maniac,150,1,0.002761328766153863,1.075108465503214,0.030682872683051626,0.18053378438940199
maniac,150,2,0.002761328766153863,1.075108465503214,0.030786480380514677,0.1836675499642079
maniac,150,3,0.002761328766153863,1.075108465503214,0.030786469505130032,0.1836674650614027
maniac,150,4,0.002761328766153863,1.075108465503214,0.03078629860870764,0.18366613089554923
maniac,150,5,0.002761328766153863,1.075108465503214,0.03078492374377565,0.18365539762473918
maniac,150,6,0.002761328766153863,1.075108465503214,0.030786481507377186,0.18366755876148674
maniac,150,7,0.002761328766153863,1.075108465503214,0.030576307588108465,0.18202921868715963
maniac,150,8,0.002761328766153863,1.075108465503214,0.030784332717776027,0.18365078367842663
maniac,150,9,0.002761328766153863,1.075108465503214,0.030786376001254424,0.1836667350885614
maniac,150,10,0.002761328766153863,1.075108465503214,0.030731399841635976,0.18323771209306994
maniac,150,11,0.002761328766153863,1.075108465503214,0.030785444302694212,0.18365946148992462
maniac,150,12,0.002761328766153863,1.075108465503214,0.030786468893766215,0.18366746028855999
maniac,150,13,0.002761328766153863,1.075108465503214,0.03077617375949146,0.18358709334756523
maniac,150,14,0.002761328766153863,1.075108465503214,0.03077322044579647,0.18356404106785096
maniac,400,0,0.002761328766153863,1.075108465503214,0.030786481524847652,0.1836675588978772
maniac,400,1,0.002761328766153863,1.075108465503214,0.030786481524847524,0.18366755889787711
maniac,400,2,0.002761328766153863,1.075108465503214,0.030786481524847652,0.1836675588978772
maniac,400,3,0.002761328766153863,1.075108465503214,0.030786481524847652,0.1836675588978772
maniac,400,4,0.002761328766153863,1.075108465503214,0.030786481524847652,0.1836675588978772
maniac,400,5,0.002761328766153863,1.075108465503214,0.03078648152484755,0.18366755889787714
maniac,400,6,0.002761328766153863,1.075108465503214,0.030786481524847652,0.1836675588978772
maniac,400,7,0.002761328766153863,1.075108465503214,0.03078648152484476,0.18366755889785458
maniac,400,8,0.002761328766153863,1.075108465503214,0.030786481524847524,0.18366755889787711
maniac,400,9,0.002761328766153863,1.075108465503214,0.030786481524847524,0.18366755889787711
maniac,400,10,0.002761328766153863,1.075108465503214,0.030786481481440257,0.183667558559001
maniac,400,11,0.002761328766153863,1.075108465503214,0.030786481524847652,0.1836675588978772
maniac,400,12,0.002761328766153863,1.075108465503214,0.030786481521060997,0.18366755886831576
maniac,400,13,0.002761328766153863,1.075108465503214,0.030786481524726513,0.18366755889693193
maniac,400,14,0.002761328766153863,1.075108465503214,0.03078648152414188,0.18366755889236755
maniac,1000,0,0.002761328766153863,1.075108465503214,0.030786481524847652,0.1836675588978772
maniac,1000,1,0.002761328766153863,1.075108465503214,0.030786481524847652,0.1836675588978772
maniac,1000,2,0.002761328766153863,1.075108465503214,0.030786481524847652,0.1836675588978772
maniac,1000,3,0.002761328766153863,1.075108465503214,0.030786481524847652,0.1836675588978772
maniac,1000,4,0.002761328766153863,1.075108465503214,0.030786481524847652,0.1836675588978772
maniac,1000,5,0.002761328766153863,1.075108465503214,0.030786481524847652,0.1836675588978772
maniac,1000,6,0.002761328766153863,1.075108465503214,0.030786481524847652,0.1836675588978772
maniac,1000,7,0.002761328766153863,1.075108465503214,0.030786481524847652,0.1836675588978772
maniac,1000,8,0.002761328766153863,1.075108465503214,0.030786481524847652,0.1836675588978772
maniac,1000,9,0.002761328766153863,1.075108465503214,0.030786481524847652,0.1836675588978772
maniac,1000,10,0.002761328766153863,1.075108465503214,0.030786481524847652,0.1836675588978772
maniac,1000,11,0.002761328766153863,1.075108465503214,0.030786481524847652,0.1836675588978772
maniac,1000,12,0.002761328766153863,1.075108465503214,0.030786481524847652,0.1836675588978772
maniac,1000,13,0.002761328766153863,1.075108465503214,0.030786481524847652,0.1836675588978772
maniac,1000,14,0.002761328766153863,1.075108465503214,0.030786481524847652,0.1836675588978772
bluff_heavy,5,0,0.0005767844784683868,0.500073960773175,0.002074025623443325,0.002074025623443325
bluff_heavy,5,1,0.0005767844784683868,0.500073960773175,0.0019655002568859103,0.0019655002568859103
bluff_heavy,5,2,0.0005767844784683868,0.500073960773175,-0.002172399916206498,-0.0034987597254740876
bluff_heavy,5,3,0.0005767844784683868,0.500073960773175,0.000788931466611284,0.000788931466611284
bluff_heavy,5,4,0.0005767844784683868,0.500073960773175,-0.0030692354003821753,-0.004740006458386986
bluff_heavy,5,5,0.0005767844784683868,0.500073960773175,0.001040537720152196,0.001040537720152196
bluff_heavy,5,6,0.0005767844784683868,0.500073960773175,0.001974474203750652,0.001974474203750652
bluff_heavy,5,7,0.0005767844784683868,0.500073960773175,0.001202107435176368,0.001202107435176368
bluff_heavy,5,8,0.0005767844784683868,0.500073960773175,-0.0004927859961092254,-0.0004927859961092254
bluff_heavy,5,9,0.0005767844784683868,0.500073960773175,0.0029888009487989767,0.0029888009487989767
bluff_heavy,5,10,0.0005767844784683868,0.500073960773175,0.015249775272032313,0.018975536510973376
bluff_heavy,5,11,0.0005767844784683868,0.500073960773175,0.001101805746826487,0.001101805746826487
bluff_heavy,5,12,0.0005767844784683868,0.500073960773175,0.001070637982156196,0.001070637982156196
bluff_heavy,5,13,0.0005767844784683868,0.500073960773175,0.0008504270417262552,0.0008504270417262552
bluff_heavy,5,14,0.0005767844784683868,0.500073960773175,0.0021559098566025087,0.0021559098566025087
bluff_heavy,20,0,0.0005767844784683868,0.500073960773175,0.004449015845694043,0.004449015845694043
bluff_heavy,20,1,0.0005767844784683868,0.500073960773175,0.0002902230879433046,0.0002902230879433046
bluff_heavy,20,2,0.0005767844784683868,0.500073960773175,0.014316248466015355,0.017515982151493664
bluff_heavy,20,3,0.0005767844784683868,0.500073960773175,0.009856280880083862,0.009856280880083862
bluff_heavy,20,4,0.0005767844784683868,0.500073960773175,0.0019488252108377097,0.0019488252108377097
bluff_heavy,20,5,0.0005767844784683868,0.500073960773175,0.004525305747818557,0.004525305747818557
bluff_heavy,20,6,0.0005767844784683868,0.500073960773175,0.0108104466458315,0.0108104466458315
bluff_heavy,20,7,0.0005767844784683868,0.500073960773175,0.0027580939517333827,0.0027580939517333827
bluff_heavy,20,8,0.0005767844784683868,0.500073960773175,0.007031871129191868,0.007031871129191868
bluff_heavy,20,9,0.0005767844784683868,0.500073960773175,0.016023271195696423,0.016023271195696423
bluff_heavy,20,10,0.0005767844784683868,0.500073960773175,0.015574112503322614,0.05302436823990385
bluff_heavy,20,11,0.0005767844784683868,0.500073960773175,0.014225220584686338,0.014225220584686338
bluff_heavy,20,12,0.0005767844784683868,0.500073960773175,0.012133619545390092,0.012133619545390092
bluff_heavy,20,13,0.0005767844784683868,0.500073960773175,0.016217623453373742,0.02556018964723355
bluff_heavy,20,14,0.0005767844784683868,0.500073960773175,0.01627999749711921,0.024132301858151448
bluff_heavy,60,0,0.0005767844784683868,0.500073960773175,0.01597817810255299,0.028032243580960386
bluff_heavy,60,1,0.0005767844784683868,0.500073960773175,0.01317745608623623,0.02644302270279011
bluff_heavy,60,2,0.0005767844784683868,0.500073960773175,0.009218249522395909,0.009218249522395909
bluff_heavy,60,3,0.0005767844784683868,0.500073960773175,0.013216113063700484,0.023812385380701594
bluff_heavy,60,4,0.0005767844784683868,0.500073960773175,0.013286397480504565,0.01702158960962375
bluff_heavy,60,5,0.0005767844784683868,0.500073960773175,0.006306818323342588,0.006306818323342588
bluff_heavy,60,6,0.0005767844784683868,0.500073960773175,0.01654335326026496,0.01859318040002493
bluff_heavy,60,7,0.0005767844784683868,0.500073960773175,0.010829057871221896,0.010829057871221896
bluff_heavy,60,8,0.0005767844784683868,0.500073960773175,0.006836181185403384,0.006836181185403384
bluff_heavy,60,9,0.0005767844784683868,0.500073960773175,0.013244740044717575,0.02449614932287291
bluff_heavy,60,10,0.0005767844784683868,0.500073960773175,-0.0014706560609035746,-0.0014706560609035746
bluff_heavy,60,11,0.0005767844784683868,0.500073960773175,0.013226434334919615,0.024460476507652443
bluff_heavy,60,12,0.0005767844784683868,0.500073960773175,0.01370343528914568,0.02642479021201536
bluff_heavy,60,13,0.0005767844784683868,0.500073960773175,0.013158999592915499,0.01590715354628347
bluff_heavy,60,14,0.0005767844784683868,0.500073960773175,0.008990584864844789,0.008990584864844789
bluff_heavy,150,0,0.0005767844784683868,0.500073960773175,0.01323706910938107,0.022853190952458045
bluff_heavy,150,1,0.0005767844784683868,0.500073960773175,0.006475687038071998,0.006475687038071998
bluff_heavy,150,2,0.0005767844784683868,0.500073960773175,0.013263500190639002,0.02490517291162258
bluff_heavy,150,3,0.0005767844784683868,0.500073960773175,0.013298373169396874,0.0262722401448137
bluff_heavy,150,4,0.0005767844784683868,0.500073960773175,0.01330771015281882,0.025776532502304474
bluff_heavy,150,5,0.0005767844784683868,0.500073960773175,0.013320027572676064,0.02580178063889784
bluff_heavy,150,6,0.0005767844784683868,0.500073960773175,0.013177269536380834,0.025915638735035
bluff_heavy,150,7,0.0005767844784683868,0.500073960773175,0.01334585277495158,0.02585472240803989
bluff_heavy,150,8,0.0005767844784683868,0.500073960773175,0.013239607688606346,0.0252412562330559
bluff_heavy,150,9,0.0005767844784683868,0.500073960773175,0.012042895705567117,0.012042895705567117
bluff_heavy,150,10,0.0005767844784683868,0.500073960773175,0.013350375832412824,0.02586399546078277
bluff_heavy,150,11,0.0005767844784683868,0.500073960773175,0.01318202239152192,0.025617803397293346
bluff_heavy,150,12,0.0005767844784683868,0.500073960773175,0.013321251886530126,0.022381255535409365
bluff_heavy,150,13,0.0005767844784683868,0.500073960773175,0.008064093546898549,0.008064093546898549
bluff_heavy,150,14,0.0005767844784683868,0.500073960773175,0.013164542054076599,0.025483192137385632
bluff_heavy,400,0,0.0005767844784683868,0.500073960773175,0.013184703723777239,0.025931131472857083
bluff_heavy,400,1,0.0005767844784683868,0.500073960773175,0.013184728608274056,0.025931183332872657
bluff_heavy,400,2,0.0005767844784683868,0.500073960773175,0.013184715581265855,0.025931156184207466
bluff_heavy,400,3,0.0005767844784683868,0.500073960773175,0.013184733216600207,0.025931192936759415
bluff_heavy,400,4,0.0005767844784683868,0.500073960773175,0.013190623610876646,0.02245616163902414
bluff_heavy,400,5,0.0005767844784683868,0.500073960773175,0.013184184105362214,0.025930048574613805
bluff_heavy,400,6,0.0005767844784683868,0.500073960773175,0.013196393425258524,0.02477223666286671
bluff_heavy,400,7,0.0005767844784683868,0.500073960773175,0.013184170886623825,0.025930021026461726
bluff_heavy,400,8,0.0005767844784683868,0.500073960773175,0.013183871551219244,0.02592939720520484
bluff_heavy,400,9,0.0005767844784683868,0.500073960773175,0.013183178603499143,0.02592795309166357
bluff_heavy,400,10,0.0005767844784683868,0.500073960773175,0.013184052916180689,0.025929775173460123
bluff_heavy,400,11,0.0005767844784683868,0.500073960773175,0.013164012352268654,0.023373058922777062
bluff_heavy,400,12,0.0005767844784683868,0.500073960773175,0.01318472821751717,0.025931182518523943
bluff_heavy,400,13,0.0005767844784683868,0.500073960773175,0.013334830006966288,0.025832124777796266
bluff_heavy,400,14,0.0005767844784683868,0.500073960773175,0.01318465770584902,0.025931035570174066
bluff_heavy,1000,0,0.0005767844784683868,0.500073960773175,0.013184732975422414,0.02593119243413769
bluff_heavy,1000,1,0.0005767844784683868,0.500073960773175,0.01318473360093668,0.02593119373772785
bluff_heavy,1000,2,0.0005767844784683868,0.500073960773175,0.013184733599733316,0.025931193735219987
bluff_heavy,1000,3,0.0005767844784683868,0.500073960773175,0.013184733600596042,0.02593119373701794
bluff_heavy,1000,4,0.0005767844784683868,0.500073960773175,0.013184731797139804,0.025931189978562346
bluff_heavy,1000,5,0.0005767844784683868,0.500073960773175,0.013184733600672821,0.025931193737178032
bluff_heavy,1000,6,0.0005767844784683868,0.500073960773175,0.013184733600937519,0.025931193737729653
bluff_heavy,1000,7,0.0005767844784683868,0.500073960773175,0.013184733600937568,0.02593119373772961
bluff_heavy,1000,8,0.0005767844784683868,0.500073960773175,0.013184733600937623,0.025931193737729633
bluff_heavy,1000,9,0.0005767844784683868,0.500073960773175,0.013184733593735072,0.025931193722719393
bluff_heavy,1000,10,0.0005767844784683868,0.500073960773175,0.013184733600936811,0.025931193737728238
bluff_heavy,1000,11,0.0005767844784683868,0.500073960773175,0.013184733600937623,0.025931193737729633
bluff_heavy,1000,12,0.0005767844784683868,0.500073960773175,0.013184733592933463,0.02593119372104876
bluff_heavy,1000,13,0.0005767844784683868,0.500073960773175,0.013184733600106413,0.02593119373599745
bluff_heavy,1000,14,0.0005767844784683868,0.500073960773175,0.013184733600937394,0.025931193737729466
passive,5,0,0.00011885173537023314,0.14867604996283007,0.00600531450315369,0.01131376155270003
passive,5,1,0.00011885173537023314,0.14867604996283007,0.0034613024576887544,0.0034613024576887544
passive,5,2,0.00011885173537023314,0.14867604996283007,0.004690939151394312,0.004690939151394312
passive,5,3,0.00011885173537023314,0.14867604996283007,0.000704562803694575,0.000704562803694575
passive,5,4,0.00011885173537023314,0.14867604996283007,0.005105097563287024,0.005105097563287024
passive,5,5,0.00011885173537023314,0.14867604996283007,0.0030929478839602717,0.0030929478839602717
passive,5,6,0.00011885173537023314,0.14867604996283007,0.006724584583849745,0.006724584583849745
passive,5,7,0.00011885173537023314,0.14867604996283007,0.005824564950250764,0.007584669453944447
passive,5,8,0.00011885173537023314,0.14867604996283007,0.004639134973923702,0.004639134973923702
passive,5,9,0.00011885173537023314,0.14867604996283007,0.0056107195756038425,0.0056107195756038425
passive,5,10,0.00011885173537023314,0.14867604996283007,0.0009123747884080546,0.0009123747884080546
passive,5,11,0.00011885173537023314,0.14867604996283007,0.0011210963289969705,0.0011210963289969705
passive,5,12,0.00011885173537023314,0.14867604996283007,0.008320297418346272,0.013483059632624944
passive,5,13,0.00011885173537023314,0.14867604996283007,0.0021156422577576217,0.0021156422577576217
passive,5,14,0.00011885173537023314,0.14867604996283007,0.006745335638917757,0.006745335638917757
passive,20,0,0.00011885173537023314,0.14867604996283007,0.005588312183109935,0.006993234055645406
passive,20,1,0.00011885173537023314,0.14867604996283007,-0.0014100860876427868,-0.0014567796679262543
passive,20,2,0.00011885173537023314,0.14867604996283007,0.005338411649389897,0.026113031554228124
passive,20,3,0.00011885173537023314,0.14867604996283007,0.0022336816835957785,0.006034728359880975
passive,20,4,0.00011885173537023314,0.14867604996283007,0.005327332365796765,0.025067681076908432
passive,20,5,0.00011885173537023314,0.14867604996283007,0.005305414312158141,0.026996644013840186
passive,20,6,0.00011885173537023314,0.14867604996283007,0.005267785064993001,0.024301602440398445
passive,20,7,0.00011885173537023314,0.14867604996283007,-0.001659912169669285,-0.00449632206824023
passive,20,8,0.00011885173537023314,0.14867604996283007,0.006757379329852965,0.017588500970431506
passive,20,9,0.00011885173537023314,0.14867604996283007,0.00252749823755246,0.00252749823755246
passive,20,10,0.00011885173537023314,0.14867604996283007,0.004398399429005009,0.010359850624014094
passive,20,11,0.00011885173537023314,0.14867604996283007,0.004705965804181707,0.009481394861551286
passive,20,12,0.00011885173537023314,0.14867604996283007,0.005476389720122377,0.00712689695803588
passive,20,13,0.00011885173537023314,0.14867604996283007,0.003700460869532095,0.003700460869532095
passive,20,14,0.00011885173537023314,0.14867604996283007,0.006827742858580815,0.025005778767878403
passive,60,0,0.00011885173537023314,0.14867604996283007,0.005296908177353954,0.029025348361220588
passive,60,1,0.00011885173537023314,0.14867604996283007,0.004168378841150497,0.011791440295497092
passive,60,2,0.00011885173537023314,0.14867604996283007,0.005246328237728942,0.027801079727655727
passive,60,3,0.00011885173537023314,0.14867604996283007,0.005311446747826756,0.02879681539213717
passive,60,4,0.00011885173537023314,0.14867604996283007,0.005261254385760916,0.027306982729457273
passive,60,5,0.00011885173537023314,0.14867604996283007,0.005296859935602777,0.027511116572088778
passive,60,6,0.00011885173537023314,0.14867604996283007,0.00532654442683151,0.02920562601540006
passive,60,7,0.00011885173537023314,0.14867604996283007,0.005307337165731167,0.0290887694674484
passive,60,8,0.00011885173537023314,0.14867604996283007,0.0052965583737575594,0.0290232214734176
passive,60,9,0.00011885173537023314,0.14867604996283007,0.005263817271413368,0.028510724360198365
passive,60,10,0.00011885173537023314,0.14867604996283007,0.005331482776873599,0.028917286562121176
passive,60,11,0.00011885173537023314,0.14867604996283007,0.006835177002849656,0.01835803088109001
passive,60,12,0.00011885173537023314,0.14867604996283007,0.004631024813551092,0.024998883895835433
passive,60,13,0.00011885173537023314,0.14867604996283007,0.005291667336595557,0.028993485196822072
passive,60,14,0.00011885173537023314,0.14867604996283007,0.005250728640863754,0.027826869446270264
passive,150,0,0.00011885173537023314,0.14867604996283007,0.005325573415538826,0.029199716764685302
passive,150,1,0.00011885173537023314,0.14867604996283007,0.005327797388350271,0.029213251379092323
passive,150,2,0.00011885173537023314,0.14867604996283007,0.005321647244767171,0.029175825179651314
passive,150,3,0.00011885173537023314,0.14867604996283007,0.0053281534558207305,0.02921541841325745
passive,150,4,0.00011885173537023314,0.14867604996283007,0.005328211289714731,0.02921577039377793
passive,150,5,0.00011885173537023314,0.14867604996283007,0.0053277426920817494,0.029212918498523296
passive,150,6,0.00011885173537023314,0.14867604996283007,0.005321113839562817,0.029172579515671176
passive,150,7,0.00011885173537023314,0.14867604996283007,0.005314608028714418,0.029132997198547665
passive,150,8,0.00011885173537023314,0.14867604996283007,0.0053282039995338,0.0292157260252687
passive,150,9,0.00011885173537023314,0.14867604996283007,0.006537293304892146,0.02256746034647443
passive,150,10,0.00011885173537023314,0.14867604996283007,0.005326904967224495,0.029207820188371345
passive,150,11,0.00011885173537023314,0.14867604996283007,0.0053282014782988565,0.029215710680872954
passive,150,12,0.00011885173537023314,0.14867604996283007,0.005328151406865073,0.029215405943203127
passive,150,13,0.00011885173537023314,0.14867604996283007,0.0053281394606901,0.029215333238153222
passive,150,14,0.00011885173537023314,0.14867604996283007,0.005328211589109795,0.029215772215915807
passive,400,0,0.00011885173537023314,0.14867604996283007,0.005328211822273665,0.029215773634965747
passive,400,1,0.00011885173537023314,0.14867604996283007,0.005328211822274789,0.02921577363497258
passive,400,2,0.00011885173537023314,0.14867604996283007,0.0053282118222471725,0.029215773634804612
passive,400,3,0.00011885173537023314,0.14867604996283007,0.005328211808930977,0.029215773553761957
passive,400,4,0.00011885173537023314,0.14867604996283007,0.005328211822274817,0.029215773634972658
passive,400,5,0.00011885173537023314,0.14867604996283007,0.00532821182227481,0.02921577363497272
passive,400,6,0.00011885173537023314,0.14867604996283007,0.005328211822265234,0.029215773634914725
passive,400,7,0.00011885173537023314,0.14867604996283007,0.005328211816647194,0.029215773600723
passive,400,8,0.00011885173537023314,0.14867604996283007,0.005328211822256693,0.0292157736348632
passive,400,9,0.00011885173537023314,0.14867604996283007,0.00532821182227481,0.02921577363497272
passive,400,10,0.00011885173537023314,0.14867604996283007,0.00532821182227481,0.029215773634972783
passive,400,11,0.00011885173537023314,0.14867604996283007,0.00532821182227481,0.02921577363497267
passive,400,12,0.00011885173537023314,0.14867604996283007,0.005328211822272118,0.029215773634956376
passive,400,13,0.00011885173537023314,0.14867604996283007,0.005328211822267628,0.029215773634929536
passive,400,14,0.00011885173537023314,0.14867604996283007,0.005328211822274609,0.029215773634971874
passive,1000,0,0.00011885173537023314,0.14867604996283007,0.00532821182227481,0.02921577363497272
passive,1000,1,0.00011885173537023314,0.14867604996283007,0.00532821182227481,0.02921577363497272
passive,1000,2,0.00011885173537023314,0.14867604996283007,0.00532821182227481,0.02921577363497272
passive,1000,3,0.00011885173537023314,0.14867604996283007,0.00532821182227481,0.02921577363497272
passive,1000,4,0.00011885173537023314,0.14867604996283007,0.00532821182227481,0.02921577363497272
passive,1000,5,0.00011885173537023314,0.14867604996283007,0.00532821182227481,0.02921577363497272
passive,1000,6,0.00011885173537023314,0.14867604996283007,0.00532821182227481,0.02921577363497272
passive,1000,7,0.00011885173537023314,0.14867604996283007,0.00532821182227481,0.02921577363497272
passive,1000,8,0.00011885173537023314,0.14867604996283007,0.00532821182227481,0.02921577363497272
passive,1000,9,0.00011885173537023314,0.14867604996283007,0.00532821182227481,0.02921577363497272
passive,1000,10,0.00011885173537023314,0.14867604996283007,0.00532821182227481,0.02921577363497272
passive,1000,11,0.00011885173537023314,0.14867604996283007,0.00532821182227481,0.02921577363497272
passive,1000,12,0.00011885173537023314,0.14867604996283007,0.00532821182227481,0.02921577363497272
passive,1000,13,0.00011885173537023314,0.14867604996283007,0.00532821182227481,0.02921577363497272
passive,1000,14,0.00011885173537023314,0.14867604996283007,0.00532821182227481,0.02921577363497272
