repeat,hand,regime,true_archetype,belief,ev
0,100,before,maniac,baseline,0.030785270761233215
0,100,before,maniac,recency,0.030753876663615582
0,200,before,maniac,baseline,0.030786481339740504
0,200,before,maniac,recency,0.03078589906824684
0,300,before,maniac,baseline,0.030786481524847375
0,300,before,maniac,recency,0.03078647588493334
0,400,before,maniac,baseline,0.030786481524847524
0,400,before,maniac,recency,0.030786380097704902
0,500,before,maniac,baseline,0.030786481524847652
0,500,before,maniac,recency,0.03078648075753917
0,600,before,maniac,baseline,0.030786481524847652
0,600,before,maniac,recency,0.030786458002216868
0,700,before,maniac,baseline,0.030786481524847652
0,700,before,maniac,recency,0.030786471385143975
0,800,before,maniac,baseline,0.030786481524847652
0,800,before,maniac,recency,0.030786480894340492
0,900,before,maniac,baseline,0.030786481524847652
0,900,before,maniac,recency,0.030786481169700397
0,1000,before,maniac,baseline,0.030786481524847652
0,1000,before,maniac,recency,0.030786481521855504
0,1100,before,maniac,baseline,0.030786481524847652
0,1100,before,maniac,recency,0.030786481524183486
0,1200,before,maniac,baseline,0.030786481524847652
0,1200,before,maniac,recency,0.030786481524586042
0,1300,before,maniac,baseline,0.030786481524847652
0,1300,before,maniac,recency,0.030786481514335357
0,1400,before,maniac,baseline,0.030786481524847652
0,1400,before,maniac,recency,0.030786481519406363
0,1500,before,maniac,baseline,0.030786481524847652
0,1500,before,maniac,recency,0.030786481523519565
0,1600,before,maniac,baseline,0.030786481524847652
0,1600,before,maniac,recency,0.030786481524543708
0,1700,before,maniac,baseline,0.030786481524847652
0,1700,before,maniac,recency,0.03078648150990026
0,1800,before,maniac,baseline,0.030786481524847652
0,1800,before,maniac,recency,0.03078643953290205
0,1900,before,maniac,baseline,0.030786481524847652
0,1900,before,maniac,recency,0.03078648152450668
0,2000,before,maniac,baseline,0.030786481524847652
0,2000,before,maniac,recency,0.030786481450095656
0,2100,after,nit,baseline,-0.016856336309146444
0,2100,after,nit,recency,-0.009781972519699283
0,2200,after,nit,baseline,-0.016856336309146444
0,2200,after,nit,recency,-0.0009311089652875651
0,2300,after,nit,baseline,-0.016856336309146444
0,2300,after,nit,recency,-5.337641440866792e-06
0,2400,after,nit,baseline,-0.016856336309146444
0,2400,after,nit,recency,0.006384676859872027
0,2500,after,nit,baseline,-0.016856336309146444
0,2500,after,nit,recency,0.009644161969726596
0,2600,after,nit,baseline,-0.016856336309146444
0,2600,after,nit,recency,0.00973976418258709
0,2700,after,nit,baseline,-0.016856336307530084
0,2700,after,nit,recency,0.009746412978803319
0,2800,after,nit,baseline,-0.009900316144835046
0,2800,after,nit,recency,0.00974849612065136
0,2900,after,nit,baseline,-0.009797732852921869
0,2900,after,nit,recency,0.009748711550045933
0,3000,after,nit,baseline,-0.009797732852921869
0,3000,after,nit,recency,0.00974867273530785
0,3100,after,nit,baseline,-0.009797732852921869
0,3100,after,nit,recency,0.009748720604594911
0,3200,after,nit,baseline,-0.009797732852921869
0,3200,after,nit,recency,0.009748627920063459
0,3300,after,nit,baseline,-0.009797732852921869
0,3300,after,nit,recency,0.009748564656030627
0,3400,after,nit,baseline,-0.009797732852921869
0,3400,after,nit,recency,0.009748680940943923
0,3500,after,nit,baseline,-0.009797732852921869
0,3500,after,nit,recency,0.00973687221134157
0,3600,after,nit,baseline,-0.009797732852921869
0,3600,after,nit,recency,0.009634632644197796
0,3700,after,nit,baseline,-0.009797732852921869
0,3700,after,nit,recency,0.00972515804449639
0,3800,after,nit,baseline,-0.009797732852921869
0,3800,after,nit,recency,0.009597127998349712
0,3900,after,nit,baseline,-0.009797732852921869
0,3900,after,nit,recency,0.00973261808743181
0,4000,after,nit,baseline,-0.009797732852921869
0,4000,after,nit,recency,0.009718647025013072
1,100,before,maniac,baseline,0.030766192611421668
1,100,before,maniac,recency,0.030561853601815868
1,200,before,maniac,baseline,0.030783488506353977
1,200,before,maniac,recency,0.030653939367528235
1,300,before,maniac,baseline,0.03078647894223091
1,300,before,maniac,recency,0.030770844916252305
1,400,before,maniac,baseline,0.03078648152484388
1,400,before,maniac,recency,0.030786472342396412
1,500,before,maniac,baseline,0.030786481524847652
1,500,before,maniac,recency,0.030786479370119368
1,600,before,maniac,baseline,0.030786481524847652
1,600,before,maniac,recency,0.030786481227380882
1,700,before,maniac,baseline,0.030786481524847652
1,700,before,maniac,recency,0.030786481484177685
1,800,before,maniac,baseline,0.030786481524847652
1,800,before,maniac,recency,0.030786481355001224
1,900,before,maniac,baseline,0.030786481524847652
1,900,before,maniac,recency,0.030786480168754203
1,1000,before,maniac,baseline,0.030786481524847652
1,1000,before,maniac,recency,0.030786474866395817
1,1100,before,maniac,baseline,0.030786481524847652
1,1100,before,maniac,recency,0.030786477527030964
1,1200,before,maniac,baseline,0.030786481524847652
1,1200,before,maniac,recency,0.03078648084020791
1,1300,before,maniac,baseline,0.030786481524847652
1,1300,before,maniac,recency,0.030786480419612725
1,1400,before,maniac,baseline,0.030786481524847652
1,1400,before,maniac,recency,0.03078648088933207
1,1500,before,maniac,baseline,0.030786481524847652
1,1500,before,maniac,recency,0.03078648148457599
1,1600,before,maniac,baseline,0.030786481524847652
1,1600,before,maniac,recency,0.03078648152475031
1,1700,before,maniac,baseline,0.030786481524847652
1,1700,before,maniac,recency,0.030786481524685102
1,1800,before,maniac,baseline,0.030786481524847652
1,1800,before,maniac,recency,0.030786481455006762
1,1900,before,maniac,baseline,0.030786481524847652
1,1900,before,maniac,recency,0.03078648152024656
1,2000,before,maniac,baseline,0.030786481524847652
1,2000,before,maniac,recency,0.030786481235671747
1,2100,after,nit,baseline,-0.016856336309146444
1,2100,after,nit,recency,-0.006740337768133875
1,2200,after,nit,baseline,-0.016856336309146444
1,2200,after,nit,recency,1.9241817226019198e-05
1,2300,after,nit,baseline,-0.016856336309146444
1,2300,after,nit,recency,1.4773054336544855e-05
1,2400,after,nit,baseline,-0.016856336309146444
1,2400,after,nit,recency,3.870354497927109e-06
1,2500,after,nit,baseline,-0.016856336309146444
1,2500,after,nit,recency,0.009645824516093693
1,2600,after,nit,baseline,-0.016856336185801644
1,2600,after,nit,recency,0.009734859029511114
1,2700,after,nit,baseline,-0.00979759306761107
1,2700,after,nit,recency,0.009748281271020627
1,2800,after,nit,baseline,-0.009797732852921869
1,2800,after,nit,recency,0.009744674968927829
1,2900,after,nit,baseline,-0.009797732852921869
1,2900,after,nit,recency,0.009748456052392003
1,3000,after,nit,baseline,-0.009797732852921869
1,3000,after,nit,recency,0.009748631134488595
1,3100,after,nit,baseline,-0.009797732852921869
1,3100,after,nit,recency,0.009748539684557175
1,3200,after,nit,baseline,-0.009797732852921869
1,3200,after,nit,recency,0.009748386638997547
1,3300,after,nit,baseline,-0.009797732852921869
1,3300,after,nit,recency,0.009748032186559397
1,3400,after,nit,baseline,-0.009797732852921869
1,3400,after,nit,recency,0.009748526001472461
1,3500,after,nit,baseline,-0.009797732852921869
1,3500,after,nit,recency,0.009748659522963325
1,3600,after,nit,baseline,-0.009797732852921869
1,3600,after,nit,recency,0.009748452931913391
1,3700,after,nit,baseline,-0.009797732852921869
1,3700,after,nit,recency,0.00974742349780642
1,3800,after,nit,baseline,-0.009797732852921869
1,3800,after,nit,recency,0.00974627946585286
1,3900,after,nit,baseline,-0.009797732852921869
1,3900,after,nit,recency,0.009747238099820497
1,4000,after,nit,baseline,-0.00979773285292182
1,4000,after,nit,recency,0.009748694933029212
2,100,before,maniac,baseline,0.030739381144037382
2,100,before,maniac,recency,0.030703877132928346
2,200,before,maniac,baseline,0.030784634753884044
2,200,before,maniac,recency,0.03076842437906165
2,300,before,maniac,baseline,0.030786480713340565
2,300,before,maniac,recency,0.03078135824638586
2,400,before,maniac,baseline,0.030786481524749065
2,400,before,maniac,recency,0.030786259204269466
2,500,before,maniac,baseline,0.030786481524846063
2,500,before,maniac,recency,0.030785026681870407
2,600,before,maniac,baseline,0.030786481524847652
2,600,before,maniac,recency,0.03078648149103573
2,700,before,maniac,baseline,0.030786481524847652
2,700,before,maniac,recency,0.030786481461149127
2,800,before,maniac,baseline,0.030786481524847652
2,800,before,maniac,recency,0.03078648152399898
2,900,before,maniac,baseline,0.030786481524847652
2,900,before,maniac,recency,0.03078648152475377
2,1000,before,maniac,baseline,0.030786481524847652
2,1000,before,maniac,recency,0.03078648151781036
2,1100,before,maniac,baseline,0.030786481524847652
2,1100,before,maniac,recency,0.030786481524638035
2,1200,before,maniac,baseline,0.030786481524847652
2,1200,before,maniac,recency,0.030786481463720795
2,1300,before,maniac,baseline,0.030786481524847652
2,1300,before,maniac,recency,0.030786481466891443
2,1400,before,maniac,baseline,0.030786481524847652
2,1400,before,maniac,recency,0.030786464854354035
2,1500,before,maniac,baseline,0.030786481524847652
2,1500,before,maniac,recency,0.0307845825513366
2,1600,before,maniac,baseline,0.030786481524847652
2,1600,before,maniac,recency,0.030786382725962645
2,1700,before,maniac,baseline,0.030786481524847652
2,1700,before,maniac,recency,0.030786479564003426
2,1800,before,maniac,baseline,0.030786481524847652
2,1800,before,maniac,recency,0.030786471874682596
2,1900,before,maniac,baseline,0.030786481524847652
2,1900,before,maniac,recency,0.030786481308514288
2,2000,before,maniac,baseline,0.030786481524847652
2,2000,before,maniac,recency,0.030786481471097252
2,2100,after,nit,baseline,-0.016856336309146444
2,2100,after,nit,recency,-0.009782588649489214
2,2200,after,nit,baseline,-0.016856336309146444
2,2200,after,nit,recency,-0.006623658175870253
2,2300,after,nit,baseline,-0.016856336309146444
2,2300,after,nit,recency,4.706017564644338e-06
2,2400,after,nit,baseline,-0.016856336309146444
2,2400,after,nit,recency,0.009722346218050147
2,2500,after,nit,baseline,-0.016856336309146444
2,2500,after,nit,recency,0.009747299782901044
2,2600,after,nit,baseline,-0.016856277623720023
2,2600,after,nit,recency,0.009734399467709494
2,2700,after,nit,baseline,-0.009797722744132889
2,2700,after,nit,recency,0.009745648633121967
2,2800,after,nit,baseline,-0.009797732852921869
2,2800,after,nit,recency,0.009748524132188886
2,2900,after,nit,baseline,-0.009797732852921869
2,2900,after,nit,recency,0.0097487080652683
2,3000,after,nit,baseline,-0.009797732852921869
2,3000,after,nit,recency,0.00974871772897025
2,3100,after,nit,baseline,-0.009797732852921869
2,3100,after,nit,recency,0.009748715067690518
2,3200,after,nit,baseline,-0.009797732852921869
2,3200,after,nit,recency,0.009745622904939848
2,3300,after,nit,baseline,-0.009797732852921869
2,3300,after,nit,recency,0.009748238368284541
2,3400,after,nit,baseline,-0.009797732852921869
2,3400,after,nit,recency,0.009748351706758931
2,3500,after,nit,baseline,-0.009797732852921869
2,3500,after,nit,recency,0.00974866588943963
2,3600,after,nit,baseline,-0.009797732852921869
2,3600,after,nit,recency,0.00974870226346293
2,3700,after,nit,baseline,-0.009797732852921869
2,3700,after,nit,recency,0.00974870158997631
2,3800,after,nit,baseline,-0.009797732852921869
2,3800,after,nit,recency,0.009748644988547446
2,3900,after,nit,baseline,-0.009797732852921869
2,3900,after,nit,recency,0.009748699951878492
2,4000,after,nit,baseline,-0.009797732852921869
2,4000,after,nit,recency,0.009748677585777632
