repeat,hand,regime,true_archetype,belief,map_estimate,correct,confidence,posterior_true
0,20,before,maniac,baseline,maniac,True,0.9601583354640321,0.9868760310564568
0,20,before,maniac,recency,maniac,True,0.9516711731477451,0.9833853054871396
0,40,before,maniac,baseline,maniac,True,0.9993814793840863,0.999890603590758
0,40,before,maniac,recency,maniac,True,0.9987058281175912,0.9997510557147826
0,60,before,maniac,baseline,maniac,True,0.9999581932045145,0.9999942691900434
0,60,before,maniac,recency,maniac,True,0.9997957618023653,0.9999677473426436
0,80,before,maniac,baseline,maniac,True,0.9998885871985507,0.9999833709215202
0,80,before,maniac,recency,maniac,True,0.998756274824173,0.9997614664251757
0,100,before,maniac,baseline,maniac,True,0.9999615255863997,0.9999947614823795
0,100,before,maniac,recency,maniac,True,0.9989918938902131,0.9998114136044652
0,120,before,maniac,baseline,maniac,True,0.9999883393408633,0.9999985537656247
0,120,before,maniac,recency,maniac,True,0.9993250523594128,0.9998793379580716
0,140,before,maniac,baseline,maniac,True,0.9999806686393214,0.9999975085962666
0,140,before,maniac,recency,maniac,True,0.9978863351410199,0.9995669037567507
0,160,before,maniac,baseline,maniac,True,0.999999537351138,0.9999999536564569
0,160,before,maniac,recency,maniac,True,0.9998672424552542,0.999979863733679
0,180,before,maniac,baseline,maniac,True,0.999999949563322,0.9999999955320429
0,180,before,maniac,recency,maniac,True,0.9999592352240526,0.9999944230415709
0,200,before,maniac,baseline,maniac,True,0.9999999939305995,0.9999999995155515
0,200,before,maniac,recency,maniac,True,0.9999814132626191,0.9999976118320816
0,220,before,maniac,baseline,maniac,True,0.9999999999599601,0.9999999999974081
0,220,before,maniac,recency,maniac,True,0.9999994027073954,0.9999999392498576
0,240,before,maniac,baseline,maniac,True,0.9999999999995904,0.9999999999999774
0,240,before,maniac,recency,maniac,True,0.9999999640803005,0.9999999968732134
0,260,before,maniac,baseline,maniac,True,0.9999999999996331,0.9999999999999798
0,260,before,maniac,recency,maniac,True,0.9999998076974284,0.9999999816876249
0,280,before,maniac,baseline,maniac,True,0.9999999999999852,0.9999999999999993
0,280,before,maniac,recency,maniac,True,0.999999946995311,0.9999999952923939
0,300,before,maniac,baseline,maniac,True,0.9999999999999912,0.9999999999999996
0,300,before,maniac,recency,maniac,True,0.9999998166455141,0.9999999825862932
0,320,before,maniac,baseline,maniac,True,0.9999999999999892,0.9999999999999996
0,320,before,maniac,recency,maniac,True,0.99999890414984,0.9999998843119707
0,340,before,maniac,baseline,maniac,True,0.9999999999999618,0.999999999999998
0,340,before,maniac,recency,maniac,True,0.9999850563249474,0.9999981117234784
0,360,before,maniac,baseline,maniac,True,0.9999999999999921,0.9999999999999996
0,360,before,maniac,recency,maniac,True,0.999989196632692,0.9999986676575735
0,380,before,maniac,baseline,maniac,True,0.9999999999999952,0.9999999999999998
0,380,before,maniac,recency,maniac,True,0.9999796883611352,0.9999973721838201
0,400,before,maniac,baseline,maniac,True,0.9999999999999998,1.0
0,400,before,maniac,recency,maniac,True,0.9999967361603312,0.9999996301078102
0,420,before,maniac,baseline,maniac,True,0.9999999999999997,1.0
0,420,before,maniac,recency,maniac,True,0.9999796513683992,0.9999973670244687
0,440,before,maniac,baseline,maniac,True,1.0,1.0
0,440,before,maniac,recency,maniac,True,0.9999995983651426,0.9999999601022795
0,460,before,maniac,baseline,maniac,True,1.0,1.0
0,460,before,maniac,recency,maniac,True,0.9999997007817606,0.9999999707807785
0,480,before,maniac,baseline,maniac,True,1.0,1.0
0,480,before,maniac,recency,maniac,True,0.9999999809736381,0.999999998395781
0,500,before,maniac,baseline,maniac,True,1.0,1.0
0,500,before,maniac,recency,maniac,True,0.9999999749213071,0.9999999978562266
0,520,before,maniac,baseline,maniac,True,1.0,1.0
0,520,before,maniac,recency,maniac,True,0.9999999497726639,0.99999999555155
0,540,before,maniac,baseline,maniac,True,1.0,1.0
0,540,before,maniac,recency,maniac,True,0.9999999926518156,0.9999999994082047
0,560,before,maniac,baseline,maniac,True,1.0,1.0
0,560,before,maniac,recency,maniac,True,0.9999999901158328,0.9999999991926978
0,580,before,maniac,baseline,maniac,True,1.0,1.0
0,580,before,maniac,recency,maniac,True,0.9999998072090602,0.9999999816385049
0,600,before,maniac,baseline,maniac,True,1.0,1.0
0,600,before,maniac,recency,maniac,True,0.9999992387916661,0.9999999214309823
0,620,before,maniac,baseline,maniac,True,1.0,1.0
0,620,before,maniac,recency,maniac,True,0.9999998048054369,0.9999999813966424
0,640,before,maniac,baseline,maniac,True,1.0,1.0
0,640,before,maniac,recency,maniac,True,0.9999999501421882,0.9999999955859722
0,660,before,maniac,baseline,maniac,True,1.0,1.0
0,660,before,maniac,recency,maniac,True,0.9999999808080264,0.9999999983811245
0,680,before,maniac,baseline,maniac,True,1.0,1.0
0,680,before,maniac,recency,maniac,True,0.999999985333993,0.9999999987791146
0,700,before,maniac,baseline,maniac,True,1.0,1.0
0,700,before,maniac,recency,maniac,True,0.9999996709498097,0.999999967690609
0,720,before,maniac,baseline,maniac,True,1.0,1.0
0,720,before,maniac,recency,maniac,True,0.9999999918184296,0.999999999337738
0,740,before,maniac,baseline,maniac,True,1.0,1.0
0,740,before,maniac,recency,maniac,True,0.9999999861776342,0.999999998852656
0,760,before,maniac,baseline,maniac,True,1.0,1.0
0,760,before,maniac,recency,maniac,True,0.9999999821830641,0.9999999985026102
0,780,before,maniac,baseline,maniac,True,1.0,1.0
0,780,before,maniac,recency,maniac,True,0.9999998294730358,0.9999999838700333
0,800,before,maniac,baseline,maniac,True,1.0,1.0
0,800,before,maniac,recency,maniac,True,0.999999979382876,0.9999999982547341
0,820,before,maniac,baseline,maniac,True,1.0,1.0
0,820,before,maniac,recency,maniac,True,0.9999999930255598,0.9999999994396811
0,840,before,maniac,baseline,maniac,True,1.0,1.0
0,840,before,maniac,recency,maniac,True,0.999999996707857,0.9999999997445093
0,860,before,maniac,baseline,maniac,True,1.0,1.0
0,860,before,maniac,recency,maniac,True,0.9999999970033425,0.9999999997684266
0,880,before,maniac,baseline,maniac,True,1.0,1.0
0,880,before,maniac,recency,maniac,True,0.9999999995485076,0.9999999999678479
0,900,before,maniac,baseline,maniac,True,1.0,1.0
0,900,before,maniac,recency,maniac,True,0.9999999883716335,0.999999999042807
0,920,before,maniac,baseline,maniac,True,1.0,1.0
0,920,before,maniac,recency,maniac,True,0.9999999981088903,0.9999999998568294
0,940,before,maniac,baseline,maniac,True,1.0,1.0
0,940,before,maniac,recency,maniac,True,0.9999999989052909,0.9999999999190734
0,960,before,maniac,baseline,maniac,True,1.0,1.0
0,960,before,maniac,recency,maniac,True,0.9999999966475904,0.9999999997396183
0,980,before,maniac,baseline,maniac,True,1.0,1.0
0,980,before,maniac,recency,maniac,True,0.9999999993194516,0.9999999999506983
0,1000,before,maniac,baseline,maniac,True,1.0,1.0
0,1000,before,maniac,recency,maniac,True,0.9999999999011783,0.9999999999933784
0,1020,before,maniac,baseline,maniac,True,1.0,1.0
0,1020,before,maniac,recency,maniac,True,0.9999999999206047,0.9999999999947249
0,1040,before,maniac,baseline,maniac,True,1.0,1.0
0,1040,before,maniac,recency,maniac,True,0.9999999999431918,0.9999999999962736
0,1060,before,maniac,baseline,maniac,True,1.0,1.0
0,1060,before,maniac,recency,maniac,True,0.9999999997189516,0.9999999999803706
0,1080,before,maniac,baseline,maniac,True,1.0,1.0
0,1080,before,maniac,recency,maniac,True,0.9999999998329452,0.9999999999885734
0,1100,before,maniac,baseline,maniac,True,1.0,1.0
0,1100,before,maniac,recency,maniac,True,0.9999999999780181,0.9999999999986082
0,1120,before,maniac,baseline,maniac,True,1.0,1.0
0,1120,before,maniac,recency,maniac,True,0.9999999999170428,0.9999999999944791
0,1140,before,maniac,baseline,maniac,True,1.0,1.0
0,1140,before,maniac,recency,maniac,True,0.9999999999782307,0.9999999999986222
0,1160,before,maniac,baseline,maniac,True,1.0,1.0
0,1160,before,maniac,recency,maniac,True,0.99999999964199,0.9999999999747475
0,1180,before,maniac,baseline,maniac,True,1.0,1.0
0,1180,before,maniac,recency,maniac,True,0.9999999996274463,0.9999999999736786
0,1200,before,maniac,baseline,maniac,True,1.0,1.0
0,1200,before,maniac,recency,maniac,True,0.9999999999913328,0.9999999999994693
0,1220,before,maniac,baseline,maniac,True,1.0,1.0
0,1220,before,maniac,recency,maniac,True,0.9999999999973581,0.9999999999998448
0,1240,before,maniac,baseline,maniac,True,1.0,1.0
0,1240,before,maniac,recency,maniac,True,0.9999999999915938,0.999999999999486
0,1260,before,maniac,baseline,maniac,True,1.0,1.0
0,1260,before,maniac,recency,maniac,True,0.9999999999781033,0.9999999999986138
0,1280,before,maniac,baseline,maniac,True,1.0,1.0
0,1280,before,maniac,recency,maniac,True,0.9999999999525869,0.9999999999969111
0,1300,before,maniac,baseline,maniac,True,1.0,1.0
0,1300,before,maniac,recency,maniac,True,0.9999999996534857,0.9999999999755909
0,1320,before,maniac,baseline,maniac,True,1.0,1.0
0,1320,before,maniac,recency,maniac,True,0.9999999964345038,0.9999999997222924
0,1340,before,maniac,baseline,maniac,True,1.0,1.0
0,1340,before,maniac,recency,maniac,True,0.9999999979607784,0.999999999845101
0,1360,before,maniac,baseline,maniac,True,1.0,1.0
0,1360,before,maniac,recency,maniac,True,0.9999999734065345,0.9999999977200418
0,1380,before,maniac,baseline,maniac,True,1.0,1.0
0,1380,before,maniac,recency,maniac,True,0.999999998775921,0.9999999999090727
0,1400,before,maniac,baseline,maniac,True,1.0,1.0
0,1400,before,maniac,recency,maniac,True,0.9999999998204522,0.9999999999876836
0,1420,before,maniac,baseline,maniac,True,1.0,1.0
0,1420,before,maniac,recency,maniac,True,0.9999999998798574,0.9999999999918883
0,1440,before,maniac,baseline,maniac,True,1.0,1.0
0,1440,before,maniac,recency,maniac,True,0.999999999863299,0.9999999999907234
0,1460,before,maniac,baseline,maniac,True,1.0,1.0
0,1460,before,maniac,recency,maniac,True,0.9999999998695293,0.9999999999911624
0,1480,before,maniac,baseline,maniac,True,1.0,1.0
0,1480,before,maniac,recency,maniac,True,0.9999999995180038,0.9999999999655824
0,1500,before,maniac,baseline,maniac,True,1.0,1.0
0,1500,before,maniac,recency,maniac,True,0.9999999999560828,0.9999999999971472
0,1520,before,maniac,baseline,maniac,True,1.0,1.0
0,1520,before,maniac,recency,maniac,True,0.9999999993905281,0.9999999999560518
0,1540,before,maniac,baseline,maniac,True,1.0,1.0
0,1540,before,maniac,recency,maniac,True,0.9999999998492898,0.9999999999897333
0,1560,before,maniac,baseline,maniac,True,1.0,1.0
0,1560,before,maniac,recency,maniac,True,0.9999999999807989,0.9999999999987903
0,1580,before,maniac,baseline,maniac,True,1.0,1.0
0,1580,before,maniac,recency,maniac,True,0.9999999999656376,0.9999999999977882
0,1600,before,maniac,baseline,maniac,True,1.0,1.0
0,1600,before,maniac,recency,maniac,True,0.999999999989933,0.9999999999993803
0,1620,before,maniac,baseline,maniac,True,1.0,1.0
0,1620,before,maniac,recency,maniac,True,0.9999999999333913,0.9999999999956042
0,1640,before,maniac,baseline,maniac,True,1.0,1.0
0,1640,before,maniac,recency,maniac,True,0.9999999998028627,0.9999999999864264
0,1660,before,maniac,baseline,maniac,True,1.0,1.0
0,1660,before,maniac,recency,maniac,True,0.9999999998729581,0.9999999999914035
0,1680,before,maniac,baseline,maniac,True,1.0,1.0
0,1680,before,maniac,recency,maniac,True,0.9999999998479157,0.9999999999896358
0,1700,before,maniac,baseline,maniac,True,1.0,1.0
0,1700,before,maniac,recency,maniac,True,0.9999999995075763,0.9999999999648066
0,1720,before,maniac,baseline,maniac,True,1.0,1.0
0,1720,before,maniac,recency,maniac,True,0.9999999997173791,0.9999999999802565
0,1740,before,maniac,baseline,maniac,True,1.0,1.0
0,1740,before,maniac,recency,maniac,True,0.9999999977271447,0.9999999998265212
0,1760,before,maniac,baseline,maniac,True,1.0,1.0
0,1760,before,maniac,recency,maniac,True,0.9999999967213611,0.9999999997456046
0,1780,before,maniac,baseline,maniac,True,1.0,1.0
0,1780,before,maniac,recency,maniac,True,0.9999999559612159,0.9999999961261297
0,1800,before,maniac,baseline,maniac,True,1.0,1.0
0,1800,before,maniac,recency,maniac,True,0.99999864397151,0.9999998549092011
0,1820,before,maniac,baseline,maniac,True,1.0,1.0
0,1820,before,maniac,recency,maniac,True,0.9999998588683779,0.999999986789766
0,1840,before,maniac,baseline,maniac,True,1.0,1.0
0,1840,before,maniac,recency,maniac,True,0.9999999810035924,0.9999999983984311
0,1860,before,maniac,baseline,maniac,True,1.0,1.0
0,1860,before,maniac,recency,maniac,True,0.9999999962802507,0.9999999997097193
0,1880,before,maniac,baseline,maniac,True,1.0,1.0
0,1880,before,maniac,recency,maniac,True,0.9999999999839366,0.9999999999989946
0,1900,before,maniac,baseline,maniac,True,1.0,1.0
0,1900,before,maniac,recency,maniac,True,0.9999999999887069,0.9999999999993021
0,1920,before,maniac,baseline,maniac,True,1.0,1.0
0,1920,before,maniac,recency,maniac,True,0.9999999999114149,0.9999999999940894
0,1940,before,maniac,baseline,maniac,True,1.0,1.0
0,1940,before,maniac,recency,maniac,True,0.9999999996017489,0.9999999999717859
0,1960,before,maniac,baseline,maniac,True,1.0,1.0
0,1960,before,maniac,recency,maniac,True,0.9999999993152873,0.9999999999503839
0,1980,before,maniac,baseline,maniac,True,1.0,1.0
0,1980,before,maniac,recency,maniac,True,0.9999999985406118,0.9999999998907625
0,2000,before,maniac,baseline,maniac,True,1.0,1.0
0,2000,before,maniac,recency,maniac,True,0.9999999975445072,0.9999999998119342
0,2020,after,nit,baseline,maniac,False,1.0,0.0
0,2020,after,nit,recency,maniac,False,0.9999968678291876,7.670140880432071e-54
0,2040,after,nit,baseline,maniac,False,1.0,0.0
0,2040,after,nit,recency,maniac,False,0.9998733973759848,2.6937587833108847e-47
0,2060,after,nit,baseline,maniac,False,1.0,0.0
0,2060,after,nit,recency,maniac,False,0.6490029701494024,2.1862262086672195e-37
0,2080,after,nit,baseline,maniac,False,1.0,0.0
0,2080,after,nit,recency,bluff_heavy,False,0.9431672271011887,1.2292528472312901e-32
0,2100,after,nit,baseline,maniac,False,1.0,0.0
0,2100,after,nit,recency,bluff_heavy,False,0.9971614923763514,2.0790722482308917e-29
0,2120,after,nit,baseline,maniac,False,1.0,0.0
0,2120,after,nit,recency,bluff_heavy,False,0.9992032567374112,1.216127432732359e-25
0,2140,after,nit,baseline,maniac,False,1.0,0.0
0,2140,after,nit,recency,bluff_heavy,False,0.9817060928316381,3.351611647722435e-20
0,2160,after,nit,baseline,maniac,False,1.0,0.0
0,2160,after,nit,recency,bluff_heavy,False,0.9168278659770818,5.9129781556516744e-18
0,2180,after,nit,baseline,maniac,False,1.0,0.0
0,2180,after,nit,recency,bluff_heavy,False,0.6994680134797701,2.0131771456735032e-14
0,2200,after,nit,baseline,maniac,False,1.0,0.0
0,2200,after,nit,recency,balanced,False,0.8145024249803096,1.250091732003046e-11
0,2220,after,nit,baseline,maniac,False,1.0,0.0
0,2220,after,nit,recency,balanced,False,0.8716390905584297,2.693867590448456e-10
0,2240,after,nit,baseline,maniac,False,1.0,0.0
0,2240,after,nit,recency,balanced,False,0.9605842293715235,7.350679799696663e-09
0,2260,after,nit,baseline,maniac,False,1.0,0.0
0,2260,after,nit,recency,balanced,False,0.9887301206349604,1.8730115784395613e-07
0,2280,after,nit,baseline,maniac,False,1.0,0.0
0,2280,after,nit,recency,balanced,False,0.998529807520194,5.130633815894205e-07
0,2300,after,nit,baseline,maniac,False,1.0,0.0
0,2300,after,nit,recency,balanced,False,0.9930622476817201,5.324550612677013e-05
0,2320,after,nit,baseline,maniac,False,1.0,0.0
0,2320,after,nit,recency,balanced,False,0.9961933182362379,0.00048100932883082207
0,2340,after,nit,baseline,maniac,False,1.0,0.0
0,2340,after,nit,recency,balanced,False,0.9953282782000084,0.0008849042323720883
0,2360,after,nit,baseline,maniac,False,1.0,0.0
0,2360,after,nit,recency,balanced,False,0.9566495531873996,0.013963415180439474
0,2380,after,nit,baseline,maniac,False,1.0,0.0
0,2380,after,nit,recency,balanced,False,0.7084758412957487,0.2145141728117796
0,2400,after,nit,baseline,maniac,False,1.0,0.0
0,2400,after,nit,recency,balanced,False,0.7950935855024768,0.11984583582063385
0,2420,after,nit,baseline,maniac,False,1.0,0.0
0,2420,after,nit,recency,balanced,False,0.884124084565729,0.05306578976286377
0,2440,after,nit,baseline,maniac,False,1.0,0.0
0,2440,after,nit,recency,balanced,False,0.9115342351643119,0.03645214816123776
0,2460,after,nit,baseline,maniac,False,1.0,0.0
0,2460,after,nit,recency,balanced,False,0.6287594608266001,0.37901372422151003
0,2480,after,nit,baseline,maniac,False,1.0,0.0
0,2480,after,nit,recency,nit,True,0.8106468121401069,0.8938040086369367
0,2500,after,nit,baseline,maniac,False,1.0,0.0
0,2500,after,nit,recency,nit,True,0.8489247757271351,0.9232804253149192
0,2520,after,nit,baseline,maniac,False,1.0,0.0
0,2520,after,nit,recency,nit,True,0.7704494236369704,0.8564908763262784
0,2540,after,nit,baseline,maniac,False,1.0,0.0
0,2540,after,nit,recency,nit,True,0.9665486201076916,0.9891366125278156
0,2560,after,nit,baseline,maniac,False,1.0,0.0
0,2560,after,nit,recency,nit,True,0.98891937146879,0.9970979406070825
0,2580,after,nit,baseline,maniac,False,1.0,0.0
0,2580,after,nit,recency,nit,True,0.9965050471249832,0.9992339660058355
0,2600,after,nit,baseline,maniac,False,1.0,0.0
0,2600,after,nit,recency,nit,True,0.9992155298170247,0.9998573796836678
0,2620,after,nit,baseline,maniac,False,1.0,0.0
0,2620,after,nit,recency,nit,True,0.9924755438945869,0.9981511992781718
0,2640,after,nit,baseline,maniac,False,1.0,0.0
0,2640,after,nit,recency,nit,True,0.994886956160649,0.9988161167693002
0,2660,after,nit,baseline,maniac,False,0.9999999999999981,0.0
0,2660,after,nit,recency,nit,True,0.9987055098474996,0.9997504917086335
0,2680,after,nit,baseline,maniac,False,0.999999999998731,0.0
0,2680,after,nit,recency,nit,True,0.9997873944076845,0.999966284059106
0,2700,after,nit,baseline,maniac,False,0.9999999999105827,0.0
0,2700,after,nit,recency,nit,True,0.9997935249675638,0.9999673520691061
0,2720,after,nit,baseline,maniac,False,0.9999998995367169,0.0
0,2720,after,nit,recency,nit,True,0.9999557822542047,0.9999939260669604
0,2740,after,nit,baseline,maniac,False,0.9999981256735452,0.0
0,2740,after,nit,recency,nit,True,0.9997441060808794,0.9999587031736082
0,2760,after,nit,baseline,maniac,False,0.9988943399019414,0.0
0,2760,after,nit,recency,nit,True,0.9998720682726686,0.999980693711329
0,2780,after,nit,baseline,maniac,False,0.6631348186264262,0.0
0,2780,after,nit,recency,nit,True,0.9999757192297914,0.9999968189973039
0,2800,after,nit,baseline,bluff_heavy,False,0.9862621325982959,0.0
0,2800,after,nit,recency,nit,True,0.9999785917051592,0.9999972250215488
0,2820,after,nit,baseline,bluff_heavy,False,0.9999971731568709,0.0
0,2820,after,nit,recency,nit,True,0.9999980974018075,0.9999997926277621
0,2840,after,nit,baseline,bluff_heavy,False,0.9999999826719436,0.0
0,2840,after,nit,recency,nit,True,0.9999955695908197,0.9999994888559008
0,2860,after,nit,baseline,bluff_heavy,False,0.9999999999839265,0.0
0,2860,after,nit,recency,nit,True,0.9999978126278255,0.9999997597247909
0,2880,after,nit,baseline,bluff_heavy,False,0.999999999999994,0.0
0,2880,after,nit,recency,nit,True,0.9999986073200349,0.9999998527813921
0,2900,after,nit,baseline,bluff_heavy,False,1.0,0.0
0,2900,after,nit,recency,nit,True,0.9999981668015793,0.9999998042764545
0,2920,after,nit,baseline,bluff_heavy,False,1.0,0.0
0,2920,after,nit,recency,nit,True,0.9999962370129456,0.9999995883850799
0,2940,after,nit,baseline,bluff_heavy,False,1.0,0.0
0,2940,after,nit,recency,nit,True,0.9999879866300783,0.9999986036163263
0,2960,after,nit,baseline,bluff_heavy,False,1.0,0.0
0,2960,after,nit,recency,nit,True,0.9999682887765414,0.9999958931507831
0,2980,after,nit,baseline,bluff_heavy,False,1.0,0.0
0,2980,after,nit,recency,nit,True,0.9999960221868776,0.9999995593843595
0,3000,after,nit,baseline,bluff_heavy,False,1.0,0.0
0,3000,after,nit,recency,nit,True,0.9999945788188903,0.9999993762908133
0,3020,after,nit,baseline,bluff_heavy,False,1.0,0.0
0,3020,after,nit,recency,nit,True,0.9999963012218135,0.9999995950422164
0,3040,after,nit,baseline,bluff_heavy,False,1.0,0.0
0,3040,after,nit,recency,nit,True,0.9999928063784747,0.9999991668531698
0,3060,after,nit,baseline,bluff_heavy,False,1.0,0.0
0,3060,after,nit,recency,nit,True,0.9999933142822537,0.9999992247655104
0,3080,after,nit,baseline,bluff_heavy,False,1.0,0.0
0,3080,after,nit,recency,nit,True,0.999993878466801,0.9999992997646012
0,3100,after,nit,baseline,bluff_heavy,False,1.0,0.0
0,3100,after,nit,recency,nit,True,0.9999989762036314,0.9999998971175491
0,3120,after,nit,baseline,bluff_heavy,False,1.0,0.0
0,3120,after,nit,recency,nit,True,0.999992761118677,0.9999991893977371
0,3140,after,nit,baseline,bluff_heavy,False,1.0,0.0
0,3140,after,nit,recency,nit,True,0.9999476014180086,0.9999927187068585
0,3160,after,nit,baseline,bluff_heavy,False,1.0,0.0
0,3160,after,nit,recency,nit,True,0.9999572988574538,0.9999944004234381
0,3180,after,nit,baseline,bluff_heavy,False,1.0,0.0
0,3180,after,nit,recency,nit,True,0.9999890532804232,0.9999987369651383
0,3200,after,nit,baseline,bluff_heavy,False,1.0,0.0
0,3200,after,nit,recency,nit,True,0.9999900117277007,0.9999988318160331
0,3220,after,nit,baseline,bluff_heavy,False,1.0,0.0
0,3220,after,nit,recency,nit,True,0.9999805128517981,0.9999975195990185
0,3240,after,nit,baseline,bluff_heavy,False,1.0,0.0
0,3240,after,nit,recency,nit,True,0.9999869727274898,0.9999983838259455
0,3260,after,nit,baseline,bluff_heavy,False,1.0,0.0
0,3260,after,nit,recency,nit,True,0.9999829573480792,0.9999978259735638
0,3280,after,nit,baseline,bluff_heavy,False,1.0,0.0
0,3280,after,nit,recency,nit,True,0.9999709999351007,0.9999961422072984
0,3300,after,nit,baseline,bluff_heavy,False,1.0,0.0
0,3300,after,nit,recency,nit,True,0.9999836407726275,0.999997919423558
0,3320,after,nit,baseline,bluff_heavy,False,1.0,0.0
0,3320,after,nit,recency,nit,True,0.9999961702449113,0.9999995637115511
0,3340,after,nit,baseline,bluff_heavy,False,1.0,0.0
0,3340,after,nit,recency,nit,True,0.9999979987768314,0.9999997840075743
0,3360,after,nit,baseline,bluff_heavy,False,1.0,0.0
0,3360,after,nit,recency,nit,True,0.9999866681970087,0.9999983355788359
0,3380,after,nit,baseline,bluff_heavy,False,1.0,0.0
0,3380,after,nit,recency,nit,True,0.9999848511422007,0.9999980857703853
0,3400,after,nit,baseline,bluff_heavy,False,1.0,0.0
0,3400,after,nit,recency,nit,True,0.9999953241804019,0.9999994698318557
0,3420,after,nit,baseline,bluff_heavy,False,1.0,0.0
0,3420,after,nit,recency,nit,True,0.999996860971445,0.9999996556674844
0,3440,after,nit,baseline,bluff_heavy,False,1.0,0.0
0,3440,after,nit,recency,nit,True,0.9999904120508222,0.9999988818447977
0,3460,after,nit,baseline,bluff_heavy,False,1.0,0.0
0,3460,after,nit,recency,nit,True,0.9999767896321876,0.9999970340736295
0,3480,after,nit,baseline,bluff_heavy,False,1.0,0.0
0,3480,after,nit,recency,nit,True,0.999945648360224,0.9999924412582584
0,3500,after,nit,baseline,bluff_heavy,False,1.0,0.0
0,3500,after,nit,recency,nit,True,0.9989670134016536,0.9998061834368159
0,3520,after,nit,baseline,bluff_heavy,False,1.0,0.0
0,3520,after,nit,recency,nit,True,0.9959204156722876,0.9990859954055479
0,3540,after,nit,baseline,bluff_heavy,False,1.0,0.0
0,3540,after,nit,recency,nit,True,0.9957941257006179,0.9990536063909468
0,3560,after,nit,baseline,bluff_heavy,False,1.0,0.0
0,3560,after,nit,recency,nit,True,0.994530924508911,0.9987209019149174
0,3580,after,nit,baseline,bluff_heavy,False,1.0,0.0
0,3580,after,nit,recency,nit,True,0.9913943688848221,0.9978393206819902
0,3600,after,nit,baseline,bluff_heavy,False,1.0,0.0
0,3600,after,nit,recency,nit,True,0.9905242506258136,0.9975828097193178
0,3620,after,nit,baseline,bluff_heavy,False,1.0,0.0
0,3620,after,nit,recency,nit,True,0.9951405358513347,0.998883261346675
0,3640,after,nit,baseline,bluff_heavy,False,1.0,0.0
0,3640,after,nit,recency,nit,True,0.9991514878503781,0.9998443575685748
0,3660,after,nit,baseline,bluff_heavy,False,1.0,0.0
0,3660,after,nit,recency,nit,True,0.9976200799991286,0.9995047459467427
0,3680,after,nit,baseline,bluff_heavy,False,1.0,0.0
0,3680,after,nit,recency,nit,True,0.9758710401670787,0.9926908984058778
0,3700,after,nit,baseline,bluff_heavy,False,1.0,0.0
0,3700,after,nit,recency,nit,True,0.9979709508910484,0.9995864190749733
0,3720,after,nit,baseline,bluff_heavy,False,1.0,0.0
0,3720,after,nit,recency,nit,True,0.9986455429261473,0.999737498930937
0,3740,after,nit,baseline,bluff_heavy,False,1.0,0.0
0,3740,after,nit,recency,nit,True,0.9966841517595116,0.9992784469440057
0,3760,after,nit,baseline,bluff_heavy,False,1.0,0.0
0,3760,after,nit,recency,nit,True,0.9959121251392538,0.9990838663248929
0,3780,after,nit,baseline,bluff_heavy,False,1.0,0.0
0,3780,after,nit,recency,nit,True,0.997345937584528,0.9994396751242054
0,3800,after,nit,baseline,bluff_heavy,False,1.0,0.0
0,3800,after,nit,recency,nit,True,0.9875110593148395,0.9966602498474252
0,3820,after,nit,baseline,bluff_heavy,False,1.0,0.0
0,3820,after,nit,recency,nit,True,0.9990142409076346,0.9998163275953081
0,3840,after,nit,baseline,bluff_heavy,False,1.0,0.0
0,3840,after,nit,recency,nit,True,0.9983099482066138,0.99966365119765
0,3860,after,nit,baseline,bluff_heavy,False,1.0,0.0
0,3860,after,nit,recency,nit,True,0.9996484435011478,0.9999414847267827
0,3880,after,nit,baseline,bluff_heavy,False,1.0,0.0
0,3880,after,nit,recency,nit,True,0.9995331612423187,0.9999198257010544
0,3900,after,nit,baseline,bluff_heavy,False,1.0,0.0
0,3900,after,nit,recency,nit,True,0.9986035969352284,0.9997283650757557
0,3920,after,nit,baseline,bluff_heavy,False,1.0,0.0
0,3920,after,nit,recency,nit,True,0.9866900329583698,0.9964003284935661
0,3940,after,nit,baseline,bluff_heavy,False,1.0,0.0
0,3940,after,nit,recency,nit,True,0.9949828792870322,0.9988415838260364
0,3960,after,nit,baseline,bluff_heavy,False,1.0,0.0
0,3960,after,nit,recency,nit,True,0.9975634508296057,0.9994915005482389
0,3980,after,nit,baseline,bluff_heavy,False,1.0,0.0
0,3980,after,nit,recency,nit,True,0.9956086389056463,0.9990056926120531
0,4000,after,nit,baseline,bluff_heavy,False,1.0,0.0
0,4000,after,nit,recency,nit,True,0.9974226127422979,0.9994579806616406
1,20,before,maniac,baseline,maniac,True,0.9370015890508259,0.9801590081719627
1,20,before,maniac,recency,maniac,True,0.931264171468984,0.9779807773240711
1,40,before,maniac,baseline,maniac,True,0.9995819851932252,0.9999292314745412
1,40,before,maniac,recency,maniac,True,0.9991085960124535,0.9998362846467506
1,60,before,maniac,baseline,maniac,True,0.9950393604600047,0.998864571766288
1,60,before,maniac,recency,maniac,True,0.9806689232886967,0.9944978654018295
1,80,before,maniac,baseline,maniac,True,0.9953101928057441,0.9989301687430568
1,80,before,maniac,recency,maniac,True,0.9723051340296427,0.9914440747698029
1,100,before,maniac,baseline,maniac,True,0.999369400142794,0.9998884572815648
1,100,before,maniac,recency,maniac,True,0.9932374341286319,0.9983942428430439
1,120,before,maniac,baseline,maniac,True,0.9997947429318658,0.9999675587519886
1,120,before,maniac,recency,maniac,True,0.9956763234936776,0.9990237208151189
1,140,before,maniac,baseline,maniac,True,0.999876627872636,0.9999814133167666
1,140,before,maniac,recency,maniac,True,0.9947460797368838,0.9987787071623023
1,160,before,maniac,baseline,maniac,True,0.9995792636927332,0.9999285182240543
1,160,before,maniac,recency,maniac,True,0.9746027363368132,0.9922339602786778
1,180,before,maniac,baseline,maniac,True,0.9992006493686724,0.9998543630750513
1,180,before,maniac,recency,maniac,True,0.9389235168693423,0.9770313237032003
1,200,before,maniac,baseline,maniac,True,0.999905455201148,0.9999860955955806
1,200,before,maniac,recency,maniac,True,0.9871958094925275,0.9965611880465968
1,220,before,maniac,baseline,maniac,True,0.9999275799050543,0.9999895971360052
1,220,before,maniac,recency,maniac,True,0.9838690189235262,0.9954843266138368
1,240,before,maniac,baseline,maniac,True,0.9999976370252139,0.999999737914704
1,240,before,maniac,recency,maniac,True,0.9988278179360186,0.9997767832342968
1,260,before,maniac,baseline,maniac,True,0.9999989489374788,0.9999998893292772
1,260,before,maniac,recency,maniac,True,0.9987981009335396,0.9997704056924607
1,280,before,maniac,baseline,maniac,True,0.9999994748747876,0.9999999470005699
1,280,before,maniac,recency,maniac,True,0.9986384224006161,0.9997359671847575
1,300,before,maniac,baseline,maniac,True,0.9999999158518781,0.9999999923416681
1,300,before,maniac,recency,maniac,True,0.9995127953331957,0.9999159378666993
1,320,before,maniac,baseline,maniac,True,0.9999999619152682,0.9999999966748101
1,320,before,maniac,recency,maniac,True,0.99950806393028,0.9999150379077802
1,340,before,maniac,baseline,maniac,True,0.9999999989427911,0.9999999999219626
1,340,before,maniac,recency,maniac,True,0.9999578031039694,0.9999942107883484
1,360,before,maniac,baseline,maniac,True,0.9999999998867534,0.9999999999923714
1,360,before,maniac,recency,maniac,True,0.9999843762786395,0.9999980191289389
1,380,before,maniac,baseline,maniac,True,0.9999999999782805,0.9999999999986255
1,380,before,maniac,recency,maniac,True,0.9999889918314729,0.9999986405475287
1,400,before,maniac,baseline,maniac,True,0.9999999999998743,0.9999999999999933
1,400,before,maniac,recency,maniac,True,0.9999997019209588,0.9999999708984348
1,420,before,maniac,baseline,maniac,True,0.9999999999999966,0.9999999999999998
1,420,before,maniac,recency,maniac,True,0.9999999509670834,0.9999999956627643
1,440,before,maniac,baseline,maniac,True,1.0,1.0
1,440,before,maniac,recency,maniac,True,0.9999999939748117,0.9999999995192443
1,460,before,maniac,baseline,maniac,True,0.9999999999999997,1.0
1,460,before,maniac,recency,maniac,True,0.9999997732433071,0.9999999782049944
1,480,before,maniac,baseline,maniac,True,0.9999999999999998,1.0
1,480,before,maniac,recency,maniac,True,0.9999993392896681,0.99999993238903
1,500,before,maniac,baseline,maniac,True,1.0,1.0
1,500,before,maniac,recency,maniac,True,0.999999929759196,0.9999999936685644
1,520,before,maniac,baseline,maniac,True,1.0,1.0
1,520,before,maniac,recency,maniac,True,0.9999999393207503,0.9999999945724949
1,540,before,maniac,baseline,maniac,True,1.0,1.0
1,540,before,maniac,recency,maniac,True,0.9999999212627558,0.9999999928595056
1,560,before,maniac,baseline,maniac,True,1.0,1.0
1,560,before,maniac,recency,maniac,True,0.9999985267591088,0.9999998415333515
1,580,before,maniac,baseline,maniac,True,1.0,1.0
1,580,before,maniac,recency,maniac,True,0.9999998873223328,0.9999999895823676
1,600,before,maniac,baseline,maniac,True,1.0,1.0
1,600,before,maniac,recency,maniac,True,0.9999999902564101,0.9999999992047237
1,620,before,maniac,baseline,maniac,True,1.0,1.0
1,620,before,maniac,recency,maniac,True,0.9999999835783637,0.9999999986253918
1,640,before,maniac,baseline,maniac,True,1.0,1.0
1,640,before,maniac,recency,maniac,True,0.9999999962920317,0.9999999997106803
1,660,before,maniac,baseline,maniac,True,1.0,1.0
1,660,before,maniac,recency,maniac,True,0.9999999986921507,0.999999999902571
1,680,before,maniac,baseline,maniac,True,1.0,1.0
1,680,before,maniac,recency,maniac,True,0.9999999979816161,0.9999999998467535
1,700,before,maniac,baseline,maniac,True,1.0,1.0
1,700,before,maniac,recency,maniac,True,0.9999999986625209,0.9999999999002669
1,720,before,maniac,baseline,maniac,True,1.0,1.0
1,720,before,maniac,recency,maniac,True,0.9999999991676585,0.999999999939186
1,740,before,maniac,baseline,maniac,True,1.0,1.0
1,740,before,maniac,recency,maniac,True,0.9999999955630556,0.9999999996509481
1,760,before,maniac,baseline,maniac,True,1.0,1.0
1,760,before,maniac,recency,maniac,True,0.9999999907168842,0.9999999992440545
1,780,before,maniac,baseline,maniac,True,1.0,1.0
1,780,before,maniac,recency,maniac,True,0.999999995395134,0.9999999996371187
1,800,before,maniac,baseline,maniac,True,1.0,1.0
1,800,before,maniac,recency,maniac,True,0.9999999944299748,0.9999999995571831
1,820,before,maniac,baseline,maniac,True,1.0,1.0
1,820,before,maniac,recency,maniac,True,0.9999999917386728,0.9999999993309749
1,840,before,maniac,baseline,maniac,True,1.0,1.0
1,840,before,maniac,recency,maniac,True,0.9999999727770081,0.9999999976633227
1,860,before,maniac,baseline,maniac,True,1.0,1.0
1,860,before,maniac,recency,maniac,True,0.9999999792667019,0.9999999982444105
1,880,before,maniac,baseline,maniac,True,1.0,1.0
1,880,before,maniac,recency,maniac,True,0.9999999659388279,0.9999999970430185
1,900,before,maniac,baseline,maniac,True,1.0,1.0
1,900,before,maniac,recency,maniac,True,0.9999999557399558,0.9999999961056589
1,920,before,maniac,baseline,maniac,True,1.0,1.0
1,920,before,maniac,recency,maniac,True,0.9999997167688577,0.9999999724292049
1,940,before,maniac,baseline,maniac,True,1.0,1.0
1,940,before,maniac,recency,maniac,True,0.9999996017789089,0.9999999604612069
1,960,before,maniac,baseline,maniac,True,1.0,1.0
1,960,before,maniac,recency,maniac,True,0.999999987347373,0.9999999989542432
1,980,before,maniac,baseline,maniac,True,1.0,1.0
1,980,before,maniac,recency,maniac,True,0.9999999531769508,0.9999999958681332
1,1000,before,maniac,baseline,maniac,True,1.0,1.0
1,1000,before,maniac,recency,maniac,True,0.9999997836403975,0.9999999792595
1,1020,before,maniac,baseline,maniac,True,1.0,1.0
1,1020,before,maniac,recency,maniac,True,0.9999997227584863,0.999999973045356
1,1040,before,maniac,baseline,maniac,True,1.0,1.0
1,1040,before,maniac,recency,maniac,True,0.9999983144095635,0.9999998171191845
1,1060,before,maniac,baseline,maniac,True,1.0,1.0
1,1060,before,maniac,recency,maniac,True,0.9999986613304601,0.9999998568836548
1,1080,before,maniac,baseline,maniac,True,1.0,1.0
1,1080,before,maniac,recency,maniac,True,0.999999147511749,0.999999911395897
1,1100,before,maniac,baseline,maniac,True,1.0,1.0
1,1100,before,maniac,recency,maniac,True,0.9999998698999664,0.9999999878767275
1,1120,before,maniac,baseline,maniac,True,1.0,1.0
1,1120,before,maniac,recency,maniac,True,0.9999999700802714,0.9999999974195839
1,1140,before,maniac,baseline,maniac,True,1.0,1.0
1,1140,before,maniac,recency,maniac,True,0.9999999889214274,0.9999999990901853
1,1160,before,maniac,baseline,maniac,True,1.0,1.0
1,1160,before,maniac,recency,maniac,True,0.999999995045015,0.999999999608207
1,1180,before,maniac,baseline,maniac,True,1.0,1.0
1,1180,before,maniac,recency,maniac,True,0.9999999987473885,0.9999999999068603
1,1200,before,maniac,baseline,maniac,True,1.0,1.0
1,1200,before,maniac,recency,maniac,True,0.9999999776171445,0.9999999980975096
1,1220,before,maniac,baseline,maniac,True,1.0,1.0
1,1220,before,maniac,recency,maniac,True,0.9999999959663501,0.9999999996840574
1,1240,before,maniac,baseline,maniac,True,1.0,1.0
1,1240,before,maniac,recency,maniac,True,0.9999999956367205,0.999999999657007
1,1260,before,maniac,baseline,maniac,True,1.0,1.0
1,1260,before,maniac,recency,maniac,True,0.9999999942950022,0.9999999995459481
1,1280,before,maniac,baseline,maniac,True,1.0,1.0
1,1280,before,maniac,recency,maniac,True,0.9999999929067177,0.9999999994296811
1,1300,before,maniac,baseline,maniac,True,1.0,1.0
1,1300,before,maniac,recency,maniac,True,0.9999999639088277,0.9999999968575226
1,1320,before,maniac,baseline,maniac,True,1.0,1.0
1,1320,before,maniac,recency,maniac,True,0.999999982915203,0.9999999985671002
1,1340,before,maniac,baseline,maniac,True,1.0,1.0
1,1340,before,maniac,recency,maniac,True,0.9999999840423736,0.9999999986661063
1,1360,before,maniac,baseline,maniac,True,1.0,1.0
1,1360,before,maniac,recency,maniac,True,0.9999999946687348,0.999999999577025
1,1380,before,maniac,baseline,maniac,True,1.0,1.0
1,1380,before,maniac,recency,maniac,True,0.9999999491170868,0.999999995490447
1,1400,before,maniac,baseline,maniac,True,1.0,1.0
1,1400,before,maniac,recency,maniac,True,0.9999999792194898,0.9999999982402143
1,1420,before,maniac,baseline,maniac,True,1.0,1.0
1,1420,before,maniac,recency,maniac,True,0.9999999989177575,0.9999999999200344
1,1440,before,maniac,baseline,maniac,True,1.0,1.0
1,1440,before,maniac,recency,maniac,True,0.9999999998709928,0.9999999999912654
1,1460,before,maniac,baseline,maniac,True,1.0,1.0
1,1460,before,maniac,recency,maniac,True,0.9999999930103884,0.999999999438405
1,1480,before,maniac,baseline,maniac,True,1.0,1.0
1,1480,before,maniac,recency,maniac,True,0.9999999895010255,0.9999999991400037
1,1500,before,maniac,baseline,maniac,True,1.0,1.0
1,1500,before,maniac,recency,maniac,True,0.9999999986755969,0.9999999999012841
1,1520,before,maniac,baseline,maniac,True,1.0,1.0
1,1520,before,maniac,recency,maniac,True,0.9999999889988544,0.9999999990968482
1,1540,before,maniac,baseline,maniac,True,1.0,1.0
1,1540,before,maniac,recency,maniac,True,0.9999999975151989,0.9999999998095888
1,1560,before,maniac,baseline,maniac,True,1.0,1.0
1,1560,before,maniac,recency,maniac,True,0.9999999978712873,0.9999999998379954
1,1580,before,maniac,baseline,maniac,True,1.0,1.0
1,1580,before,maniac,recency,maniac,True,0.9999999999138278,0.9999999999942566
1,1600,before,maniac,baseline,maniac,True,1.0,1.0
1,1600,before,maniac,recency,maniac,True,0.9999999999967729,0.999999999999809
1,1620,before,maniac,baseline,maniac,True,1.0,1.0
1,1620,before,maniac,recency,maniac,True,0.9999999999773065,0.9999999999985616
1,1640,before,maniac,baseline,maniac,True,1.0,1.0
1,1640,before,maniac,recency,maniac,True,0.9999999998311689,0.999999999988447
1,1660,before,maniac,baseline,maniac,True,1.0,1.0
1,1660,before,maniac,recency,maniac,True,0.9999999999606731,0.9999999999974558
1,1680,before,maniac,baseline,maniac,True,1.0,1.0
1,1680,before,maniac,recency,maniac,True,0.999999999995902,0.9999999999997555
1,1700,before,maniac,baseline,maniac,True,1.0,1.0
1,1700,before,maniac,recency,maniac,True,0.9999999999946131,0.9999999999996756
1,1720,before,maniac,baseline,maniac,True,1.0,1.0
1,1720,before,maniac,recency,maniac,True,0.9999999999293537,0.9999999999953273
1,1740,before,maniac,baseline,maniac,True,1.0,1.0
1,1740,before,maniac,recency,maniac,True,0.9999999998759778,0.9999999999916158
1,1760,before,maniac,baseline,maniac,True,1.0,1.0
1,1760,before,maniac,recency,maniac,True,0.9999999980103692,0.9999999998490325
1,1780,before,maniac,baseline,maniac,True,1.0,1.0
1,1780,before,maniac,recency,maniac,True,0.999999997443762,0.999999999803866
1,1800,before,maniac,baseline,maniac,True,1.0,1.0
1,1800,before,maniac,recency,maniac,True,0.9999999977055286,0.9999999998247975
1,1820,before,maniac,baseline,maniac,True,1.0,1.0
1,1820,before,maniac,recency,maniac,True,0.9999999989142129,0.9999999999197613
1,1840,before,maniac,baseline,maniac,True,1.0,1.0
1,1840,before,maniac,recency,maniac,True,0.9999999986282694,0.9999999998976004
1,1860,before,maniac,baseline,maniac,True,1.0,1.0
1,1860,before,maniac,recency,maniac,True,0.999999999936888,0.9999999999958435
1,1880,before,maniac,baseline,maniac,True,1.0,1.0
1,1880,before,maniac,recency,maniac,True,0.9999999999837523,0.9999999999989826
1,1900,before,maniac,baseline,maniac,True,1.0,1.0
1,1900,before,maniac,recency,maniac,True,0.9999999998481347,0.9999999999896514
1,1920,before,maniac,baseline,maniac,True,1.0,1.0
1,1920,before,maniac,recency,maniac,True,0.9999999987527184,0.9999999999072737
1,1940,before,maniac,baseline,maniac,True,1.0,1.0
1,1940,before,maniac,recency,maniac,True,0.9999999976501096,0.999999999820375
1,1960,before,maniac,baseline,maniac,True,1.0,1.0
1,1960,before,maniac,recency,maniac,True,0.9999999865331185,0.9999999988835766
1,1980,before,maniac,baseline,maniac,True,1.0,1.0
1,1980,before,maniac,recency,maniac,True,0.9999999981498814,0.9999999998600682
1,2000,before,maniac,baseline,maniac,True,1.0,1.0
1,2000,before,maniac,recency,maniac,True,0.9999999905273922,0.9999999992278807
1,2020,after,nit,baseline,maniac,False,1.0,0.0
1,2020,after,nit,recency,maniac,False,0.9989967871733284,1.1958797607099431e-39
1,2040,after,nit,baseline,maniac,False,1.0,0.0
1,2040,after,nit,recency,maniac,False,0.6697560143090466,4.324697119490227e-31
1,2060,after,nit,baseline,maniac,False,1.0,0.0
1,2060,after,nit,recency,bluff_heavy,False,0.9736656046911409,3.3241499789759274e-26
1,2080,after,nit,baseline,maniac,False,1.0,0.0
1,2080,after,nit,recency,bluff_heavy,False,0.9591723446918073,7.35329506458004e-22
1,2100,after,nit,baseline,maniac,False,1.0,0.0
1,2100,after,nit,recency,bluff_heavy,False,0.8252944424816747,1.1293843718852377e-18
1,2120,after,nit,baseline,maniac,False,1.0,0.0
1,2120,after,nit,recency,balanced,False,0.6932431227394236,3.711379042815731e-15
1,2140,after,nit,baseline,maniac,False,1.0,0.0
1,2140,after,nit,recency,balanced,False,0.9489356757479408,6.250576695589493e-12
1,2160,after,nit,baseline,maniac,False,1.0,0.0
1,2160,after,nit,recency,balanced,False,0.9348207961443163,2.650602277442701e-11
1,2180,after,nit,baseline,maniac,False,1.0,0.0
1,2180,after,nit,recency,balanced,False,0.9886217229293893,1.737618283593942e-08
1,2200,after,nit,baseline,maniac,False,1.0,0.0
1,2200,after,nit,recency,balanced,False,0.9932528610784331,5.561799725448974e-08
1,2220,after,nit,baseline,maniac,False,1.0,0.0
1,2220,after,nit,recency,balanced,False,0.9959897154268107,1.3205447009092145e-06
1,2240,after,nit,baseline,maniac,False,1.0,0.0
1,2240,after,nit,recency,balanced,False,0.997039337799264,1.1459445024223624e-06
1,2260,after,nit,baseline,maniac,False,1.0,0.0
1,2260,after,nit,recency,balanced,False,0.9985197758971318,2.4541882976020843e-05
1,2280,after,nit,baseline,maniac,False,1.0,0.0
1,2280,after,nit,recency,balanced,False,0.9987564695025103,6.047095543546124e-05
1,2300,after,nit,baseline,maniac,False,1.0,0.0
1,2300,after,nit,recency,balanced,False,0.997557355661849,0.0003632990755259423
1,2320,after,nit,baseline,maniac,False,1.0,0.0
1,2320,after,nit,recency,balanced,False,0.9953406138475369,0.0010239309501710908
1,2340,after,nit,baseline,maniac,False,1.0,0.0
1,2340,after,nit,recency,balanced,False,0.9963316010647589,0.0007649362481953866
1,2360,after,nit,baseline,maniac,False,1.0,0.0
1,2360,after,nit,recency,balanced,False,0.9879643171303304,0.00309303857002842
1,2380,after,nit,baseline,maniac,False,1.0,0.0
1,2380,after,nit,recency,balanced,False,0.9542124426341697,0.015871458326919264
1,2400,after,nit,baseline,maniac,False,1.0,0.0
1,2400,after,nit,recency,balanced,False,0.9993458395903392,6.742530628793859e-05
1,2420,after,nit,baseline,maniac,False,1.0,0.0
1,2420,after,nit,recency,balanced,False,0.9989654243013861,3.321614819885523e-05
1,2440,after,nit,baseline,maniac,False,1.0,0.0
1,2440,after,nit,recency,balanced,False,0.9988833551593073,0.00016582182388885297
1,2460,after,nit,baseline,maniac,False,1.0,0.0
1,2460,after,nit,recency,balanced,False,0.9240517945474683,0.030347854446463252
1,2480,after,nit,baseline,maniac,False,1.0,0.0
1,2480,after,nit,recency,balanced,False,0.7062471269098825,0.2194939718813842
1,2500,after,nit,baseline,maniac,False,1.0,0.0
1,2500,after,nit,recency,nit,True,0.7927586253817278,0.877787727950503
1,2520,after,nit,baseline,maniac,False,1.0,0.0
1,2520,after,nit,recency,nit,True,0.8811128125790924,0.944988291973333
1,2540,after,nit,baseline,maniac,False,1.0,0.0
1,2540,after,nit,recency,nit,True,0.9441375430541832,0.9794711198524261
1,2560,after,nit,baseline,maniac,False,0.9999999999999678,0.0
1,2560,after,nit,recency,nit,True,0.9886441078294465,0.9970132242713593
1,2580,after,nit,baseline,maniac,False,0.9999999999931976,0.0
1,2580,after,nit,recency,nit,True,0.992716153424285,0.9982196243570233
1,2600,after,nit,baseline,maniac,False,0.9999999932289587,0.0
1,2600,after,nit,recency,nit,True,0.9987947321813829,0.9997697318123319
1,2620,after,nit,baseline,maniac,False,0.9999986180517065,0.0
1,2620,after,nit,recency,nit,True,0.9976629670858584,0.9995148775416444
1,2640,after,nit,baseline,maniac,False,0.997078057040608,0.0
1,2640,after,nit,recency,nit,True,0.9997457838866416,0.9999590432682728
1,2660,after,nit,baseline,maniac,False,0.9160284277015519,0.0
1,2660,after,nit,recency,nit,True,0.999382853382712,0.9998908568172551
1,2680,after,nit,baseline,bluff_heavy,False,0.9245155750082291,0.0
1,2680,after,nit,recency,nit,True,0.9997421301732485,0.9999585409199756
1,2700,after,nit,baseline,bluff_heavy,False,0.999981175226932,0.0
1,2700,after,nit,recency,nit,True,0.9999583356553853,0.9999945537458166
1,2720,after,nit,baseline,bluff_heavy,False,0.9999999868786268,0.0
1,2720,after,nit,recency,nit,True,0.9998438893090971,0.9999767275187497
1,2740,after,nit,baseline,bluff_heavy,False,0.9999999998608906,0.0
1,2740,after,nit,recency,nit,True,0.99990804416824,0.9999872775907287
1,2760,after,nit,baseline,bluff_heavy,False,0.9999999999999599,0.0
1,2760,after,nit,recency,nit,True,0.9997346904113101,0.9999572958936315
1,2780,after,nit,baseline,bluff_heavy,False,0.9999999999999999,0.0
1,2780,after,nit,recency,nit,True,0.999945767866028,0.9999925404266731
1,2800,after,nit,baseline,bluff_heavy,False,1.0,0.0
1,2800,after,nit,recency,nit,True,0.9996058601157892,0.9999336160058468
1,2820,after,nit,baseline,bluff_heavy,False,1.0,0.0
1,2820,after,nit,recency,nit,True,0.9998515757673931,0.9999773789498297
1,2840,after,nit,baseline,bluff_heavy,False,1.0,0.0
1,2840,after,nit,recency,nit,True,0.9999800378672435,0.9999975215894289
1,2860,after,nit,baseline,bluff_heavy,False,1.0,0.0
1,2860,after,nit,recency,nit,True,0.999871857741839,0.9999813943082034
1,2880,after,nit,baseline,bluff_heavy,False,1.0,0.0
1,2880,after,nit,recency,nit,True,0.9998819262375342,0.9999824504011019
1,2900,after,nit,baseline,bluff_heavy,False,1.0,0.0
1,2900,after,nit,recency,nit,True,0.9999746666791762,0.9999967650360212
1,2920,after,nit,baseline,bluff_heavy,False,1.0,0.0
1,2920,after,nit,recency,nit,True,0.9999384410445952,0.9999913186224009
1,2940,after,nit,baseline,bluff_heavy,False,1.0,0.0
1,2940,after,nit,recency,nit,True,0.9999197605745745,0.9999884781684266
1,2960,after,nit,baseline,bluff_heavy,False,1.0,0.0
1,2960,after,nit,recency,nit,True,0.9999167462745444,0.9999879470340884
1,2980,after,nit,baseline,bluff_heavy,False,1.0,0.0
1,2980,after,nit,recency,nit,True,0.9999674400445393,0.9999956439990778
1,3000,after,nit,baseline,bluff_heavy,False,1.0,0.0
1,3000,after,nit,recency,nit,True,0.9999907884433709,0.9999988915730773
1,3020,after,nit,baseline,bluff_heavy,False,1.0,0.0
1,3020,after,nit,recency,nit,True,0.9999712363598938,0.9999961881898056
1,3040,after,nit,baseline,bluff_heavy,False,1.0,0.0
1,3040,after,nit,recency,nit,True,0.9999847735033363,0.9999980914942592
1,3060,after,nit,baseline,bluff_heavy,False,1.0,0.0
1,3060,after,nit,recency,nit,True,0.9999474170341066,0.9999926536789296
1,3080,after,nit,baseline,bluff_heavy,False,1.0,0.0
1,3080,after,nit,recency,nit,True,0.9999887110135307,0.9999986108533253
1,3100,after,nit,baseline,bluff_heavy,False,1.0,0.0
1,3100,after,nit,recency,nit,True,0.999982491258262,0.9999977831761329
1,3120,after,nit,baseline,bluff_heavy,False,1.0,0.0
1,3120,after,nit,recency,nit,True,0.9999794424672248,0.9999973629932164
1,3140,after,nit,baseline,bluff_heavy,False,1.0,0.0
1,3140,after,nit,recency,nit,True,0.9999655442717719,0.9999953638276833
1,3160,after,nit,baseline,bluff_heavy,False,1.0,0.0
1,3160,after,nit,recency,nit,True,0.9999694287374533,0.99999593748197
1,3180,after,nit,baseline,bluff_heavy,False,1.0,0.0
1,3180,after,nit,recency,nit,True,0.9999121234742733,0.9999872457890123
1,3200,after,nit,baseline,bluff_heavy,False,1.0,0.0
1,3200,after,nit,recency,nit,True,0.9999685884226751,0.9999958819875098
1,3220,after,nit,baseline,bluff_heavy,False,1.0,0.0
1,3220,after,nit,recency,nit,True,0.9998312697107845,0.9999741344555966
1,3240,after,nit,baseline,bluff_heavy,False,1.0,0.0
1,3240,after,nit,recency,nit,True,0.9999294523633817,0.9999901038131125
1,3260,after,nit,baseline,bluff_heavy,False,1.0,0.0
1,3260,after,nit,recency,nit,True,0.9999738528268749,0.9999965823573472
1,3280,after,nit,baseline,bluff_heavy,False,1.0,0.0
1,3280,after,nit,recency,nit,True,0.9998565430856746,0.9999781580786857
1,3300,after,nit,baseline,bluff_heavy,False,1.0,0.0
1,3300,after,nit,recency,nit,True,0.9999368541940948,0.9999911375281709
1,3320,after,nit,baseline,bluff_heavy,False,1.0,0.0
1,3320,after,nit,recency,nit,True,0.9999704835846632,0.9999962704799286
1,3340,after,nit,baseline,bluff_heavy,False,1.0,0.0
1,3340,after,nit,recency,nit,True,0.9999072118679145,0.9999864247653136
1,3360,after,nit,baseline,bluff_heavy,False,1.0,0.0
1,3360,after,nit,recency,nit,True,0.9999798820626477,0.9999974291107906
1,3380,after,nit,baseline,bluff_heavy,False,1.0,0.0
1,3380,after,nit,recency,nit,True,0.9999023699298462,0.9999856099326307
1,3400,after,nit,baseline,bluff_heavy,False,1.0,0.0
1,3400,after,nit,recency,nit,True,0.9999812580602424,0.9999976179913158
1,3420,after,nit,baseline,bluff_heavy,False,1.0,0.0
1,3420,after,nit,recency,nit,True,0.9999257198208412,0.9999893108448745
1,3440,after,nit,baseline,bluff_heavy,False,1.0,0.0
1,3440,after,nit,recency,nit,True,0.9999649161404078,0.9999952632520819
1,3460,after,nit,baseline,bluff_heavy,False,1.0,0.0
1,3460,after,nit,recency,nit,True,0.9999668479695778,0.9999955440512324
1,3480,after,nit,baseline,bluff_heavy,False,1.0,0.0
1,3480,after,nit,recency,nit,True,0.9999923709726415,0.9999990838761317
1,3500,after,nit,baseline,bluff_heavy,False,1.0,0.0
1,3500,after,nit,recency,nit,True,0.9999934095879153,0.9999992162246466
1,3520,after,nit,baseline,bluff_heavy,False,1.0,0.0
1,3520,after,nit,recency,nit,True,0.9999495095496101,0.9999929690147984
1,3540,after,nit,baseline,bluff_heavy,False,1.0,0.0
1,3540,after,nit,recency,nit,True,0.9999334294454876,0.9999905082891852
1,3560,after,nit,baseline,bluff_heavy,False,1.0,0.0
1,3560,after,nit,recency,nit,True,0.9999031580279619,0.9999857285169345
1,3580,after,nit,baseline,bluff_heavy,False,1.0,0.0
1,3580,after,nit,recency,nit,True,0.9998275245021881,0.9999731945056188
1,3600,after,nit,baseline,bluff_heavy,False,1.0,0.0
1,3600,after,nit,recency,nit,True,0.9999746930701878,0.9999966824082797
1,3620,after,nit,baseline,bluff_heavy,False,1.0,0.0
1,3620,after,nit,recency,nit,True,0.9999660596049895,0.9999954269442427
1,3640,after,nit,baseline,bluff_heavy,False,1.0,0.0
1,3640,after,nit,recency,nit,True,0.9999014049636908,0.9999854462014428
1,3660,after,nit,baseline,bluff_heavy,False,1.0,0.0
1,3660,after,nit,recency,nit,True,0.9994680484863321,0.9999073422398668
1,3680,after,nit,baseline,bluff_heavy,False,1.0,0.0
1,3680,after,nit,recency,nit,True,0.9999334735182179,0.9999905140897283
1,3700,after,nit,baseline,bluff_heavy,False,1.0,0.0
1,3700,after,nit,recency,nit,True,0.9998827902445038,0.9999824243842727
1,3720,after,nit,baseline,bluff_heavy,False,1.0,0.0
1,3720,after,nit,recency,nit,True,0.9999476824177269,0.9999926918674459
1,3740,after,nit,baseline,bluff_heavy,False,1.0,0.0
1,3740,after,nit,recency,nit,True,0.9999881289874459,0.9999985283535343
1,3760,after,nit,baseline,bluff_heavy,False,1.0,0.0
1,3760,after,nit,recency,nit,True,0.9999986729909373,0.9999998643208166
1,3780,after,nit,baseline,bluff_heavy,False,1.0,0.0
1,3780,after,nit,recency,nit,True,0.9995531425982315,0.9999242035088531
1,3800,after,nit,baseline,bluff_heavy,False,1.0,0.0
1,3800,after,nit,recency,nit,True,0.9997818794923025,0.999966159368518
1,3820,after,nit,baseline,bluff_heavy,False,1.0,0.0
1,3820,after,nit,recency,nit,True,0.9999333859680783,0.9999909456220276
1,3840,after,nit,baseline,bluff_heavy,False,1.0,0.0
1,3840,after,nit,recency,nit,True,0.9998825018798232,0.9999830978640973
1,3860,after,nit,baseline,bluff_heavy,False,1.0,0.0
1,3860,after,nit,recency,nit,True,0.9999307940298047,0.9999904344532178
1,3880,after,nit,baseline,bluff_heavy,False,1.0,0.0
1,3880,after,nit,recency,nit,True,0.9999575935938768,0.9999942306547721
1,3900,after,nit,baseline,bluff_heavy,False,1.0,0.0
1,3900,after,nit,recency,nit,True,0.9998663790730704,0.999979958991382
1,3920,after,nit,baseline,bluff_heavy,False,1.0,0.0
1,3920,after,nit,recency,nit,True,0.9999091428632481,0.9999867747569255
1,3940,after,nit,baseline,bluff_heavy,False,1.0,0.0
1,3940,after,nit,recency,nit,True,0.9999882807964984,0.9999986143618631
1,3960,after,nit,baseline,bluff_heavy,False,1.0,2.5e-323
1,3960,after,nit,recency,nit,True,0.9999939493054222,0.9999993088826982
1,3980,after,nit,baseline,bluff_heavy,False,0.9999999999999999,2.96e-322
1,3980,after,nit,recency,nit,True,0.9999974915687346,0.9999997327359716
1,4000,after,nit,baseline,bluff_heavy,False,0.999999999999999,1.0983e-320
1,4000,after,nit,recency,nit,True,0.9999965157413746,0.9999996217402244
2,20,before,maniac,baseline,maniac,True,0.8672307192713922,0.9447563699012407
2,20,before,maniac,recency,maniac,True,0.8520287055598708,0.936585451184343
2,40,before,maniac,baseline,maniac,True,0.9832365075968988,0.9952906939606477
2,40,before,maniac,recency,maniac,True,0.9743671696604651,0.9921887609676834
2,60,before,maniac,baseline,maniac,True,0.9974404043839081,0.9994623057268176
2,60,before,maniac,recency,maniac,True,0.9935556177360777,0.9984554592655779
2,80,before,maniac,baseline,maniac,True,0.9989727813339051,0.9998073733120848
2,80,before,maniac,recency,maniac,True,0.9952496602851141,0.9989121940158796
2,100,before,maniac,baseline,maniac,True,0.9985500462274354,0.9997166539491341
2,100,before,maniac,recency,maniac,True,0.9886330814625519,0.9970108712754865
2,120,before,maniac,baseline,maniac,True,0.998863617195047,0.9997843552735656
2,120,before,maniac,recency,maniac,True,0.9850450222694979,0.9958742202332622
2,140,before,maniac,baseline,maniac,True,0.9989423743605556,0.9998009876923746
2,140,before,maniac,recency,maniac,True,0.9787934989017073,0.9937429790420279
2,160,before,maniac,baseline,maniac,True,0.9999166883890688,0.9999878845871679
2,160,before,maniac,recency,maniac,True,0.9967339817408778,0.9992908135399249
2,180,before,maniac,baseline,maniac,True,0.9999823096925999,0.999997735657612
2,180,before,maniac,recency,maniac,True,0.9983612584679836,0.9996748873849585
2,200,before,maniac,baseline,maniac,True,0.9999414712883027,0.9999917456686033
2,200,before,maniac,recency,maniac,True,0.9904988571448535,0.9975754849146379
2,220,before,maniac,baseline,maniac,True,0.9999980686686728,0.9999997886022124
2,220,before,maniac,recency,maniac,True,0.9992777936056318,0.9998699136545987
2,240,before,maniac,baseline,maniac,True,0.9999953834502855,0.9999994642512421
2,240,before,maniac,recency,maniac,True,0.9964389687197229,0.9992173607700785
2,260,before,maniac,baseline,maniac,True,0.9999950153063015,0.999999418437594
2,260,before,maniac,recency,maniac,True,0.9928774914957146,0.9982651037108989
2,280,before,maniac,baseline,maniac,True,0.9999943362556315,0.9999993332805439
2,280,before,maniac,recency,maniac,True,0.987881816481492,0.9967764409917381
2,300,before,maniac,baseline,maniac,True,0.9999999734803059,0.9999999977266838
2,300,before,maniac,recency,maniac,True,0.9998388102693084,0.9999751040069963
2,320,before,maniac,baseline,maniac,True,0.999999989872291,0.9999999991718433
2,320,before,maniac,recency,maniac,True,0.9998395062419254,0.9999752216153404
2,340,before,maniac,baseline,maniac,True,0.9999999995687867,0.9999999999693503
2,340,before,maniac,recency,maniac,True,0.9999783942154478,0.9999971912488762
2,360,before,maniac,baseline,maniac,True,0.9999999998840752,0.999999999992184
2,360,before,maniac,recency,maniac,True,0.9999787829447779,0.9999972456954712
2,380,before,maniac,baseline,maniac,True,0.9999999998945551,0.9999999999929168
2,380,before,maniac,recency,maniac,True,0.9999370560387991,0.9999910674670016
2,400,before,maniac,baseline,maniac,True,0.9999999999967306,0.9999999999998066
2,400,before,maniac,recency,maniac,True,0.9999928709137073,0.9999991469746492
2,420,before,maniac,baseline,maniac,True,0.999999999978005,0.9999999999986073
2,420,before,maniac,recency,maniac,True,0.9998554468718289,0.9999779005458449
2,440,before,maniac,baseline,maniac,True,0.9999999999988964,0.9999999999999369
2,440,before,maniac,recency,maniac,True,0.9999742316478477,0.9999966032724134
2,460,before,maniac,baseline,maniac,True,0.9999999999990014,0.9999999999999432
2,460,before,maniac,recency,maniac,True,0.9999253726797529,0.9999892519446804
2,480,before,maniac,baseline,maniac,True,0.9999999999998875,0.999999999999994
2,480,before,maniac,recency,maniac,True,0.9999705117707078,0.9999960708344952
2,500,before,maniac,baseline,maniac,True,0.9999999999999456,0.9999999999999971
2,500,before,maniac,recency,maniac,True,0.9999538219730992,0.9999936166402533
2,520,before,maniac,baseline,maniac,True,0.9999999999999941,0.9999999999999998
2,520,before,maniac,recency,maniac,True,0.9999832997070222,0.999997871806166
2,540,before,maniac,baseline,maniac,True,0.9999999999999997,1.0
2,540,before,maniac,recency,maniac,True,0.9999952791049851,0.9999994512926984
2,560,before,maniac,baseline,maniac,True,1.0,1.0
2,560,before,maniac,recency,maniac,True,0.999999804220362,0.9999999813377428
2,580,before,maniac,baseline,maniac,True,1.0,1.0
2,580,before,maniac,recency,maniac,True,0.9999999597958893,0.9999999964800008
2,600,before,maniac,baseline,maniac,True,1.0,1.0
2,600,before,maniac,recency,maniac,True,0.9999999988876834,0.9999999999177154
2,620,before,maniac,baseline,maniac,True,1.0,1.0
2,620,before,maniac,recency,maniac,True,0.9999999957513946,0.999999999666429
2,640,before,maniac,baseline,maniac,True,1.0,1.0
2,640,before,maniac,recency,maniac,True,0.9999999991704961,0.999999999939402
2,660,before,maniac,baseline,maniac,True,1.0,1.0
2,660,before,maniac,recency,maniac,True,0.999999998311474,0.9999999998728024
2,680,before,maniac,baseline,maniac,True,1.0,1.0
2,680,before,maniac,recency,maniac,True,0.999999982620587,0.9999999985411661
2,700,before,maniac,baseline,maniac,True,1.0,1.0
2,700,before,maniac,recency,maniac,True,0.9999999979069565,0.9999999998408291
2,720,before,maniac,baseline,maniac,True,1.0,1.0
2,720,before,maniac,recency,maniac,True,0.9999999997427669,0.9999999999820983
2,740,before,maniac,baseline,maniac,True,1.0,1.0
2,740,before,maniac,recency,maniac,True,0.9999999996852756,0.9999999999779172
2,760,before,maniac,baseline,maniac,True,1.0,1.0
2,760,before,maniac,recency,maniac,True,0.9999999999195679,0.9999999999946534
2,780,before,maniac,baseline,maniac,True,1.0,1.0
2,780,before,maniac,recency,maniac,True,0.9999999995352316,0.9999999999668627
2,800,before,maniac,baseline,maniac,True,1.0,1.0
2,800,before,maniac,recency,maniac,True,0.9999999999719236,0.9999999999982063
2,820,before,maniac,baseline,maniac,True,1.0,1.0
2,820,before,maniac,recency,maniac,True,0.9999999999674147,0.9999999999979068
2,840,before,maniac,baseline,maniac,True,1.0,1.0
2,840,before,maniac,recency,maniac,True,0.9999999999449073,0.9999999999963904
2,860,before,maniac,baseline,maniac,True,1.0,1.0
2,860,before,maniac,recency,maniac,True,0.9999999999661753,0.9999999999978242
2,880,before,maniac,baseline,maniac,True,1.0,1.0
2,880,before,maniac,recency,maniac,True,0.9999999999619834,0.9999999999975437
2,900,before,maniac,baseline,maniac,True,1.0,1.0
2,900,before,maniac,recency,maniac,True,0.9999999999968876,0.9999999999998161
2,920,before,maniac,baseline,maniac,True,1.0,1.0
2,920,before,maniac,recency,maniac,True,0.9999999999968046,0.999999999999811
2,940,before,maniac,baseline,maniac,True,1.0,1.0
2,940,before,maniac,recency,maniac,True,0.9999999999980587,0.9999999999998872
2,960,before,maniac,baseline,maniac,True,1.0,1.0
2,960,before,maniac,recency,maniac,True,0.9999999999584681,0.9999999999973077
2,980,before,maniac,baseline,maniac,True,1.0,1.0
2,980,before,maniac,recency,maniac,True,0.9999999998828326,0.999999999992097
2,1000,before,maniac,baseline,maniac,True,1.0,1.0
2,1000,before,maniac,recency,maniac,True,0.9999999997678807,0.9999999999839129
2,1020,before,maniac,baseline,maniac,True,1.0,1.0
2,1020,before,maniac,recency,maniac,True,0.9999999999846478,0.9999999999990405
2,1040,before,maniac,baseline,maniac,True,1.0,1.0
2,1040,before,maniac,recency,maniac,True,0.9999999998149762,0.9999999999872928
2,1060,before,maniac,baseline,maniac,True,1.0,1.0
2,1060,before,maniac,recency,maniac,True,0.9999999999280652,0.9999999999952387
2,1080,before,maniac,baseline,maniac,True,1.0,1.0
2,1080,before,maniac,recency,maniac,True,0.9999999999945743,0.9999999999996732
2,1100,before,maniac,baseline,maniac,True,1.0,1.0
2,1100,before,maniac,recency,maniac,True,0.9999999999930544,0.9999999999995781
2,1120,before,maniac,baseline,maniac,True,1.0,1.0
2,1120,before,maniac,recency,maniac,True,0.9999999999985716,0.9999999999999178
2,1140,before,maniac,baseline,maniac,True,1.0,1.0
2,1140,before,maniac,recency,maniac,True,0.9999999998710919,0.9999999999912723
2,1160,before,maniac,baseline,maniac,True,1.0,1.0
2,1160,before,maniac,recency,maniac,True,0.9999999996912485,0.9999999999783533
2,1180,before,maniac,baseline,maniac,True,1.0,1.0
2,1180,before,maniac,recency,maniac,True,0.9999999964460835,0.9999999997232352
2,1200,before,maniac,baseline,maniac,True,1.0,1.0
2,1200,before,maniac,recency,maniac,True,0.999999997991302,0.9999999998475215
2,1220,before,maniac,baseline,maniac,True,1.0,1.0
2,1220,before,maniac,recency,maniac,True,0.9999999998918452,0.9999999999927276
2,1240,before,maniac,baseline,maniac,True,1.0,1.0
2,1240,before,maniac,recency,maniac,True,0.9999999999783689,0.9999999999986313
2,1260,before,maniac,baseline,maniac,True,1.0,1.0
2,1260,before,maniac,recency,maniac,True,0.9999999999752984,0.9999999999984295
2,1280,before,maniac,baseline,maniac,True,1.0,1.0
2,1280,before,maniac,recency,maniac,True,0.9999999978302478,0.999999999834732
2,1300,before,maniac,baseline,maniac,True,1.0,1.0
2,1300,before,maniac,recency,maniac,True,0.9999999980952986,0.9999999998557549
2,1320,before,maniac,baseline,maniac,True,1.0,1.0
2,1320,before,maniac,recency,maniac,True,0.9999999945063794,0.9999999995635374
2,1340,before,maniac,baseline,maniac,True,1.0,1.0
2,1340,before,maniac,recency,maniac,True,0.9999999906633568,0.9999999992394872
2,1360,before,maniac,baseline,maniac,True,1.0,1.0
2,1360,before,maniac,recency,maniac,True,0.99999999516154,0.9999999996178406
2,1380,before,maniac,baseline,maniac,True,1.0,1.0
2,1380,before,maniac,recency,maniac,True,0.9999998980862596,0.9999999906287339
2,1400,before,maniac,baseline,maniac,True,1.0,1.0
2,1400,before,maniac,recency,maniac,True,0.999999459893082,0.9999999453968175
2,1420,before,maniac,baseline,maniac,True,1.0,1.0
2,1420,before,maniac,recency,maniac,True,0.9999991885653814,0.9999999159183681
2,1440,before,maniac,baseline,maniac,True,1.0,1.0
2,1440,before,maniac,recency,maniac,True,0.9999973118751431,0.9999996992923168
2,1460,before,maniac,baseline,maniac,True,1.0,1.0
2,1460,before,maniac,recency,maniac,True,0.9999990464777166,0.9999999002063995
2,1480,before,maniac,baseline,maniac,True,1.0,1.0
2,1480,before,maniac,recency,maniac,True,0.9999415695849392,0.9999917607141946
2,1500,before,maniac,baseline,maniac,True,1.0,1.0
2,1500,before,maniac,recency,maniac,True,0.999939827843399,0.9999914937653352
2,1520,before,maniac,baseline,maniac,True,1.0,1.0
2,1520,before,maniac,recency,maniac,True,0.9999843520810993,0.9999980158016759
2,1540,before,maniac,baseline,maniac,True,1.0,1.0
2,1540,before,maniac,recency,maniac,True,0.9999996939208308,0.9999999700716842
2,1560,before,maniac,baseline,maniac,True,1.0,1.0
2,1560,before,maniac,recency,maniac,True,0.9999999803673985,0.9999999983420975
2,1580,before,maniac,baseline,maniac,True,1.0,1.0
2,1580,before,maniac,recency,maniac,True,0.9999992565516951,0.9999999233746762
2,1600,before,maniac,baseline,maniac,True,1.0,1.0
2,1600,before,maniac,recency,maniac,True,0.9999968203833025,0.9999996402877739
2,1620,before,maniac,baseline,maniac,True,1.0,1.0
2,1620,before,maniac,recency,maniac,True,0.9999992349296627,0.9999999210079245
2,1640,before,maniac,baseline,maniac,True,1.0,1.0
2,1640,before,maniac,recency,maniac,True,0.9999944846067822,0.9999993519534617
2,1660,before,maniac,baseline,maniac,True,1.0,1.0
2,1660,before,maniac,recency,maniac,True,0.9999898852379198,0.9999987586230361
2,1680,before,maniac,baseline,maniac,True,1.0,1.0
2,1680,before,maniac,recency,maniac,True,0.9999975436677685,0.9999997268616605
2,1700,before,maniac,baseline,maniac,True,1.0,1.0
2,1700,before,maniac,recency,maniac,True,0.9999999360634638,0.9999999942653874
2,1720,before,maniac,baseline,maniac,True,1.0,1.0
2,1720,before,maniac,recency,maniac,True,0.9999999393345934,0.9999999945737983
2,1740,before,maniac,baseline,maniac,True,1.0,1.0
2,1740,before,maniac,recency,maniac,True,0.9999999910305537,0.9999999992707906
2,1760,before,maniac,baseline,maniac,True,1.0,1.0
2,1760,before,maniac,recency,maniac,True,0.9999999915889205,0.999999999318268
2,1780,before,maniac,baseline,maniac,True,1.0,1.0
2,1780,before,maniac,recency,maniac,True,0.9999998642923097,0.9999999873248363
2,1800,before,maniac,baseline,maniac,True,1.0,1.0
2,1800,before,maniac,recency,maniac,True,0.9999996867870952,0.9999999693333654
2,1820,before,maniac,baseline,maniac,True,1.0,1.0
2,1820,before,maniac,recency,maniac,True,0.9999999625604992,0.9999999967340041
2,1840,before,maniac,baseline,maniac,True,1.0,1.0
2,1840,before,maniac,recency,maniac,True,0.9999999223353111,0.9999999929619192
2,1860,before,maniac,baseline,maniac,True,1.0,1.0
2,1860,before,maniac,recency,maniac,True,0.9999999967106067,0.9999999997447322
2,1880,before,maniac,baseline,maniac,True,1.0,1.0
2,1880,before,maniac,recency,maniac,True,0.9999999992794614,0.9999999999476754
2,1900,before,maniac,baseline,maniac,True,1.0,1.0
2,1900,before,maniac,recency,maniac,True,0.9999999929090719,0.9999999994298794
2,1920,before,maniac,baseline,maniac,True,1.0,1.0
2,1920,before,maniac,recency,maniac,True,0.9999999989597018,0.999999999923264
2,1940,before,maniac,baseline,maniac,True,1.0,1.0
2,1940,before,maniac,recency,maniac,True,0.9999999998236769,0.9999999999879134
2,1960,before,maniac,baseline,maniac,True,1.0,1.0
2,1960,before,maniac,recency,maniac,True,0.9999999992431187,0.9999999999449218
2,1980,before,maniac,baseline,maniac,True,1.0,1.0
2,1980,before,maniac,recency,maniac,True,0.9999999996928204,0.9999999999784679
2,2000,before,maniac,baseline,maniac,True,1.0,1.0
2,2000,before,maniac,recency,maniac,True,0.999999998233272,0.9999999998666462
2,2020,after,nit,baseline,maniac,False,1.0,0.0
2,2020,after,nit,recency,maniac,False,0.9999987188382015,4.5626431657856664e-54
2,2040,after,nit,baseline,maniac,False,1.0,0.0
2,2040,after,nit,recency,maniac,False,0.9999512480311755,1.1121515709654944e-48
2,2060,after,nit,baseline,maniac,False,1.0,0.0
2,2060,after,nit,recency,maniac,False,0.9480280732921806,1.5716250571496697e-39
2,2080,after,nit,baseline,maniac,False,1.0,0.0
2,2080,after,nit,recency,bluff_heavy,False,0.9777047940285446,3.7880761023310234e-31
2,2100,after,nit,baseline,maniac,False,1.0,0.0
2,2100,after,nit,recency,bluff_heavy,False,0.99757284411494,6.827575410756098e-28
2,2120,after,nit,baseline,maniac,False,1.0,0.0
2,2120,after,nit,recency,bluff_heavy,False,0.9985127153612713,1.29130567778446e-24
2,2140,after,nit,baseline,maniac,False,1.0,0.0
2,2140,after,nit,recency,bluff_heavy,False,0.9879315141324659,5.522406355455167e-21
2,2160,after,nit,baseline,maniac,False,1.0,0.0
2,2160,after,nit,recency,bluff_heavy,False,0.9740284485721115,3.631980111398404e-18
2,2180,after,nit,baseline,maniac,False,1.0,0.0
2,2180,after,nit,recency,bluff_heavy,False,0.8220167883279252,5.844731520174491e-15
2,2200,after,nit,baseline,maniac,False,1.0,0.0
2,2200,after,nit,recency,bluff_heavy,False,0.6988915013809874,1.08753918281775e-12
2,2220,after,nit,baseline,maniac,False,1.0,0.0
2,2220,after,nit,recency,bluff_heavy,False,0.6425354568149295,5.1985557051620315e-12
2,2240,after,nit,baseline,maniac,False,1.0,0.0
2,2240,after,nit,recency,balanced,False,0.6686295709830876,1.0961676174533023e-09
2,2260,after,nit,baseline,maniac,False,1.0,0.0
2,2260,after,nit,recency,balanced,False,0.7927930238731107,3.9664671795591716e-09
2,2280,after,nit,baseline,maniac,False,1.0,0.0
2,2280,after,nit,recency,balanced,False,0.9601183463974636,1.4289565597813181e-07
2,2300,after,nit,baseline,maniac,False,1.0,0.0
2,2300,after,nit,recency,balanced,False,0.9825080988988767,4.636997410208478e-06
2,2320,after,nit,baseline,maniac,False,1.0,0.0
2,2320,after,nit,recency,balanced,False,0.9887226755614987,0.002458651673498683
2,2340,after,nit,baseline,maniac,False,1.0,0.0
2,2340,after,nit,recency,balanced,False,0.7769235403715661,0.1366463623270744
2,2360,after,nit,baseline,maniac,False,1.0,0.0
2,2360,after,nit,recency,balanced,False,0.7489112262268862,0.16573891004403263
2,2380,after,nit,baseline,maniac,False,1.0,0.0
2,2380,after,nit,recency,nit,True,0.6147244339021746,0.5387614913291913
2,2400,after,nit,baseline,maniac,False,1.0,0.0
2,2400,after,nit,recency,nit,True,0.9292234904665999,0.9722680419939291
2,2420,after,nit,baseline,maniac,False,1.0,0.0
2,2420,after,nit,recency,nit,True,0.9958590416610579,0.9990763882263047
2,2440,after,nit,baseline,maniac,False,1.0,0.0
2,2440,after,nit,recency,nit,True,0.9934404423414414,0.9984351990622435
2,2460,after,nit,baseline,maniac,False,1.0,0.0
2,2460,after,nit,recency,nit,True,0.999152683549615,0.9998450483882874
2,2480,after,nit,baseline,maniac,False,1.0,0.0
2,2480,after,nit,recency,nit,True,0.9998818939613905,0.9999827784773662
2,2500,after,nit,baseline,maniac,False,1.0,0.0
2,2500,after,nit,recency,nit,True,0.9998717185770359,0.9999806810059468
2,2520,after,nit,baseline,maniac,False,0.9999999999999796,0.0
2,2520,after,nit,recency,nit,True,0.9999415931096945,0.9999918280453749
2,2540,after,nit,baseline,maniac,False,0.9999999999991214,0.0
2,2540,after,nit,recency,nit,True,0.9985614070537762,0.9997191932419026
2,2560,after,nit,baseline,maniac,False,0.9999999999792125,0.0
2,2560,after,nit,recency,nit,True,0.9980359516018967,0.9996014111659473
2,2580,after,nit,baseline,maniac,False,0.9999999968684914,0.0
2,2580,after,nit,recency,nit,True,0.998176236768763,0.999634080869068
2,2600,after,nit,baseline,maniac,False,0.9999968371766326,0.0
2,2600,after,nit,recency,nit,True,0.9987554559478742,0.9997613285625895
2,2620,after,nit,baseline,maniac,False,0.9980012530869034,0.0
2,2620,after,nit,recency,nit,True,0.999597822871173,0.9999330896610983
2,2640,after,nit,baseline,bluff_heavy,False,0.6132247130918905,0.0
2,2640,after,nit,recency,nit,True,0.9998471417015761,0.9999779164803656
2,2660,after,nit,baseline,bluff_heavy,False,0.9716852728385017,0.0
2,2660,after,nit,recency,nit,True,0.9996379745746048,0.9999398402223572
2,2680,after,nit,baseline,bluff_heavy,False,0.9997548832091422,0.0
2,2680,after,nit,recency,nit,True,0.9995931084402528,0.9999311600826802
2,2700,after,nit,baseline,bluff_heavy,False,0.9999987274897882,0.0
2,2700,after,nit,recency,nit,True,0.9997262737626373,0.9999555777781697
2,2720,after,nit,baseline,bluff_heavy,False,0.999999999413082,0.0
2,2720,after,nit,recency,nit,True,0.9999593588013087,0.9999945887335748
2,2740,after,nit,baseline,bluff_heavy,False,0.9999999999976353,0.0
2,2740,after,nit,recency,nit,True,0.999957306445484,0.9999941983276549
2,2760,after,nit,baseline,bluff_heavy,False,0.9999999999999862,0.0
2,2760,after,nit,recency,nit,True,0.999952291440885,0.9999934088760685
2,2780,after,nit,baseline,bluff_heavy,False,0.9999999999999999,0.0
2,2780,after,nit,recency,nit,True,0.999768699451838,0.9999630216083236
2,2800,after,nit,baseline,bluff_heavy,False,1.0,0.0
2,2800,after,nit,recency,nit,True,0.9999810950963071,0.9999975886725756
2,2820,after,nit,baseline,bluff_heavy,False,1.0,0.0
2,2820,after,nit,recency,nit,True,0.9999572878566321,0.9999941376193554
2,2840,after,nit,baseline,bluff_heavy,False,1.0,0.0
2,2840,after,nit,recency,nit,True,0.9999956455352704,0.9999995013692388
2,2860,after,nit,baseline,bluff_heavy,False,1.0,0.0
2,2860,after,nit,recency,nit,True,0.9999991431897288,0.9999999144443843
2,2880,after,nit,baseline,bluff_heavy,False,1.0,0.0
2,2880,after,nit,recency,nit,True,0.9999984823791311,0.9999998425501676
2,2900,after,nit,baseline,bluff_heavy,False,1.0,0.0
2,2900,after,nit,recency,nit,True,0.9999977732404154,0.9999997648159449
2,2920,after,nit,baseline,bluff_heavy,False,1.0,0.0
2,2920,after,nit,recency,nit,True,0.9999919216546402,0.9999990434930207
2,2940,after,nit,baseline,bluff_heavy,False,1.0,0.0
2,2940,after,nit,recency,nit,True,0.9999975599744334,0.9999997385565664
2,2960,after,nit,baseline,bluff_heavy,False,1.0,0.0
2,2960,after,nit,recency,nit,True,0.9999986451252798,0.9999998598246328
2,2980,after,nit,baseline,bluff_heavy,False,1.0,0.0
2,2980,after,nit,recency,nit,True,0.9999988842359544,0.9999998860523241
2,3000,after,nit,baseline,bluff_heavy,False,1.0,0.0
2,3000,after,nit,recency,nit,True,0.9999986940177856,0.9999998665150931
2,3020,after,nit,baseline,bluff_heavy,False,1.0,0.0
2,3020,after,nit,recency,nit,True,0.9999993487338676,0.9999999360745685
2,3040,after,nit,baseline,bluff_heavy,False,1.0,0.0
2,3040,after,nit,recency,nit,True,0.9999951603924748,0.9999994385731436
2,3060,after,nit,baseline,bluff_heavy,False,1.0,0.0
2,3060,after,nit,recency,nit,True,0.999998542221343,0.9999998499588704
2,3080,after,nit,baseline,bluff_heavy,False,1.0,0.0
2,3080,after,nit,recency,nit,True,0.9999978898892771,0.9999997759811745
2,3100,after,nit,baseline,bluff_heavy,False,1.0,0.0
2,3100,after,nit,recency,nit,True,0.9999984040746779,0.9999998297044225
2,3120,after,nit,baseline,bluff_heavy,False,1.0,0.0
2,3120,after,nit,recency,nit,True,0.9999979917276317,0.9999997813072276
2,3140,after,nit,baseline,bluff_heavy,False,1.0,0.0
2,3140,after,nit,recency,nit,True,0.9999982826282788,0.9999998173895102
2,3160,after,nit,baseline,bluff_heavy,False,1.0,0.0
2,3160,after,nit,recency,nit,True,0.9999975149518073,0.9999997276982464
2,3180,after,nit,baseline,bluff_heavy,False,1.0,0.0
2,3180,after,nit,recency,nit,True,0.9999858065854725,0.9999982184426663
2,3200,after,nit,baseline,bluff_heavy,False,1.0,0.0
2,3200,after,nit,recency,nit,True,0.9996975838366616,0.9999503412421029
2,3220,after,nit,baseline,bluff_heavy,False,1.0,0.0
2,3220,after,nit,recency,nit,True,0.9998191826328104,0.9999717704448554
2,3240,after,nit,baseline,bluff_heavy,False,1.0,0.0
2,3240,after,nit,recency,nit,True,0.9995067992391367,0.9999147914825477
2,3260,after,nit,baseline,bluff_heavy,False,1.0,0.0
2,3260,after,nit,recency,nit,True,0.999738583966342,0.9999576930228583
2,3280,after,nit,baseline,bluff_heavy,False,1.0,0.0
2,3280,after,nit,recency,nit,True,0.9999871256616687,0.9999984039676211
2,3300,after,nit,baseline,bluff_heavy,False,1.0,0.0
2,3300,after,nit,recency,nit,True,0.9999517758142097,0.9999933386373807
2,3320,after,nit,baseline,bluff_heavy,False,1.0,0.0
2,3320,after,nit,recency,nit,True,0.999990419047871,0.99999884513084
2,3340,after,nit,baseline,bluff_heavy,False,1.0,0.0
2,3340,after,nit,recency,nit,True,0.9999888777555093,0.9999986751778821
2,3360,after,nit,baseline,bluff_heavy,False,1.0,0.0
2,3360,after,nit,recency,nit,True,0.999995452134162,0.9999994943597971
2,3380,after,nit,baseline,bluff_heavy,False,1.0,0.0
2,3380,after,nit,recency,nit,True,0.9999859824138733,0.9999982833945831
2,3400,after,nit,baseline,bluff_heavy,False,1.0,0.0
2,3400,after,nit,recency,nit,True,0.9999655462037994,0.9999953709242495
2,3420,after,nit,baseline,bluff_heavy,False,1.0,0.0
2,3420,after,nit,recency,nit,True,0.9999753780846872,0.9999968632347075
2,3440,after,nit,baseline,bluff_heavy,False,1.0,0.0
2,3440,after,nit,recency,nit,True,0.9999617284003236,0.9999949502151078
2,3460,after,nit,baseline,bluff_heavy,False,1.0,0.0
2,3460,after,nit,recency,nit,True,0.9999820570586989,0.999997824348896
2,3480,after,nit,baseline,bluff_heavy,False,1.0,0.0
2,3480,after,nit,recency,nit,True,0.9999893744037369,0.9999987414502155
2,3500,after,nit,baseline,bluff_heavy,False,1.0,0.0
2,3500,after,nit,recency,nit,True,0.9999938381862934,0.9999993034461632
2,3520,after,nit,baseline,bluff_heavy,False,1.0,0.0
2,3520,after,nit,recency,nit,True,0.9999930527736692,0.9999992095106225
2,3540,after,nit,baseline,bluff_heavy,False,1.0,0.0
2,3540,after,nit,recency,nit,True,0.9999591047413922,0.9999944507566105
2,3560,after,nit,baseline,bluff_heavy,False,1.0,0.0
2,3560,after,nit,recency,nit,True,0.9999526140471686,0.9999934592968918
2,3580,after,nit,baseline,bluff_heavy,False,1.0,0.0
2,3580,after,nit,recency,nit,True,0.9999920717846326,0.9999990673441769
2,3600,after,nit,baseline,bluff_heavy,False,1.0,0.0
2,3600,after,nit,recency,nit,True,0.9999971774432143,0.999999694630751
2,3620,after,nit,baseline,bluff_heavy,False,1.0,0.0
2,3620,after,nit,recency,nit,True,0.9999882040888245,0.9999985945735771
2,3640,after,nit,baseline,bluff_heavy,False,1.0,0.0
2,3640,after,nit,recency,nit,True,0.9999656172542226,0.9999954397339971
2,3660,after,nit,baseline,bluff_heavy,False,1.0,0.0
2,3660,after,nit,recency,nit,True,0.999989207065839,0.9999987028639185
2,3680,after,nit,baseline,bluff_heavy,False,1.0,0.0
2,3680,after,nit,recency,nit,True,0.999991457010449,0.9999990084850853
2,3700,after,nit,baseline,bluff_heavy,False,1.0,0.0
2,3700,after,nit,recency,nit,True,0.9999971804192366,0.999999697189627
2,3720,after,nit,baseline,bluff_heavy,False,1.0,0.0
2,3720,after,nit,recency,nit,True,0.9999965110538358,0.9999996143211496
2,3740,after,nit,baseline,bluff_heavy,False,1.0,0.0
2,3740,after,nit,recency,nit,True,0.9999849993853823,0.99999810825728
2,3760,after,nit,baseline,bluff_heavy,False,1.0,0.0
2,3760,after,nit,recency,nit,True,0.9998960909933646,0.9999845895343183
2,3780,after,nit,baseline,bluff_heavy,False,1.0,0.0
2,3780,after,nit,recency,nit,True,0.9999526671357075,0.9999934438832736
2,3800,after,nit,baseline,bluff_heavy,False,1.0,0.0
2,3800,after,nit,recency,nit,True,0.9999915168549972,0.9999989746857948
2,3820,after,nit,baseline,bluff_heavy,False,1.0,0.0
2,3820,after,nit,recency,nit,True,0.9999274365820698,0.9999895960713886
2,3840,after,nit,baseline,bluff_heavy,False,1.0,0.0
2,3840,after,nit,recency,nit,True,0.9998936196117768,0.9999842235518648
2,3860,after,nit,baseline,bluff_heavy,False,1.0,0.0
2,3860,after,nit,recency,nit,True,0.9999664110980194,0.9999955003989918
2,3880,after,nit,baseline,bluff_heavy,False,1.0,0.0
2,3880,after,nit,recency,nit,True,0.999988229186261,0.9999985571313084
2,3900,after,nit,baseline,bluff_heavy,False,1.0,0.0
2,3900,after,nit,recency,nit,True,0.9999970822779254,0.9999996790904515
2,3920,after,nit,baseline,bluff_heavy,False,1.0,0.0
2,3920,after,nit,recency,nit,True,0.9999666679329143,0.9999955175504488
2,3940,after,nit,baseline,bluff_heavy,False,1.0,0.0
2,3940,after,nit,recency,nit,True,0.9999955128911266,0.9999994842201627
2,3960,after,nit,baseline,bluff_heavy,False,1.0,0.0
2,3960,after,nit,recency,nit,True,0.9999953707007259,0.9999994699810408
2,3980,after,nit,baseline,bluff_heavy,False,1.0,0.0
2,3980,after,nit,recency,nit,True,0.9999980478468677,0.9999997949004343
2,4000,after,nit,baseline,bluff_heavy,False,1.0,0.0
2,4000,after,nit,recency,nit,True,0.999995029628778,0.9999994310170737
